2026-04-28 11:33:14,000 - INFO - \U0001f680 Scraping script started
2026-04-28 11:33:17,697 - INFO - \U0001f310 Chrome opened Avito page
2026-04-28 11:33:17,697 - INFO - \U0001f4c4 Scraping page 1
2026-04-28 11:33:18,704 - INFO - \U0001f4dc Scrolled page (1/3)
2026-04-28 11:33:19,734 - INFO - \U0001f4dc Scrolled page (2/3)
2026-04-28 11:33:20,750 - INFO - \U0001f4dc Scrolled page (3/3)
2026-04-28 11:33:20,759 - INFO - \U0001f50e Cards found: 38
2026-04-28 11:33:20,798 - INFO - \U0001f4e6 Parsed card: Appartement de luxe
2026-04-28 11:33:20,826 - INFO - \U0001f4e6 Parsed card: Appartement à vendre 99 m² à Casablanca
2026-04-28 11:33:20,869 - INFO - \U0001f4e6 Parsed card: Appartement à vendre 46 m² à Marrakech
2026-04-28 11:33:20,897 - INFO - \U0001f4e6 Parsed card: CMN-ME-1690 - Appartement à vendre à 2 Mars
2026-04-28 11:33:20,923 - INFO - \U0001f4e6 Parsed card: Appartement à vendre
2026-04-28 11:33:20,949 - INFO - \U0001f4e6 Parsed card: Appartement à vendre 111 m² à Marrakech
2026-04-28 11:33:20,976 - INFO - \U0001f4e6 Parsed card: Vente Urgente Appartement Économique AinChock Lamkansa4
2026-04-28 11:33:21,005 - INFO - \U0001f4e6 Parsed card: Appartement à Mohammedia au quartier du Parc
2026-04-28 11:33:21,031 - INFO - \U0001f4e6 Parsed card: DES Appartements de 109 m² à Victoria - BOUSKOURA
2026-04-28 11:33:21,054 - INFO - \U0001f4e6 Parsed card: Excellent appartement à vendre de 100m² dans le quartier Moulay Abdellah
2026-04-28 11:33:21,081 - INFO - \U0001f4e6 Parsed card: \U0001f48e L'OPPORTUNITÉ GUÉLIZ-SEMLALIA 57 m²
2026-04-28 11:33:21,108 - INFO - \U0001f4e6 Parsed card: Lancement projets appartements près Mahatta Jadida
2026-04-28 11:33:21,136 - INFO - \U0001f4e6 Parsed card: 3 Chambres à vendre 112 m² à Californie
2026-04-28 11:33:21,162 - INFO - \U0001f4e6 Parsed card: CMN-AC-2063 - Appartement à vendre à Sidi Maarouf
2026-04-28 11:33:21,189 - INFO - \U0001f4e6 Parsed card: 2 Appartements moyen standing à vendre – Benguerir
2026-04-28 11:33:21,213 - INFO - \U0001f4e6 Parsed card: Appartement à vendre 90 m² Limoune à Ouled Teïma
2026-04-28 11:33:21,236 - INFO - \U0001f4e6 Parsed card: CMN-HA-1859 - Appartement à vendre à Beauséjour
2026-04-28 11:33:21,260 - INFO - \U0001f4e6 Parsed card: Appt 3 ch salon à vendre à Val Fleuri
2026-04-28 11:33:21,283 - INFO - \U0001f4e6 Parsed card: Offre d'appartement à vendre entre la route de Rabat et Kzennaya
2026-04-28 11:33:21,322 - INFO - \U0001f4e6 Parsed card: Appartement meublé 3 chambres à vendre Tanger
2026-04-28 11:33:21,346 - INFO - \U0001f4e6 Parsed card: 3 Chambres à vendre 143 m² à Californie
2026-04-28 11:33:21,371 - INFO - \U0001f4e6 Parsed card: CMN-AN-1875 - Appartement à vendre à Bourgogne
2026-04-28 11:33:21,396 - INFO - \U0001f4e6 Parsed card: Appartement en vente 61m² à Gueliz Piscine Rooftop
2026-04-28 11:33:21,420 - INFO - \U0001f4e6 Parsed card: CMN-MA-2478 - Appartement à vendre à Burger
2026-04-28 11:33:21,456 - INFO - \U0001f4e6 Parsed card: Appartement à vendre 118 m² Jardins d’Émeraude
2026-04-28 11:33:21,479 - INFO - \U0001f4e6 Parsed card: Appartement à vendre 60 m² à Marrakech
2026-04-28 11:33:21,503 - INFO - \U0001f4e6 Parsed card: Appartement Rénové Sécurisé 1er Étage Ensoleillé Bd Roudani
2026-04-28 11:33:21,527 - INFO - \U0001f4e6 Parsed card: Studio-Neuf/JamaisHabité/ 62M²/Tram Busway Ghandi
2026-04-28 11:33:21,554 - INFO - \U0001f4e6 Parsed card: A vendre un appart de 4 chambres sans voisins
2026-04-28 11:33:21,577 - INFO - \U0001f4e6 Parsed card: Appartement 2 chambres corniche investisseurs airbnb
2026-04-28 11:33:21,600 - INFO - \U0001f4e6 Parsed card: Appartement à vendre 51 m² à Casablanca
2026-04-28 11:33:21,624 - INFO - \U0001f4e6 Parsed card: Superbe appartement à vendre dans le quartier Golf, route des Rmilat
2026-04-28 11:33:21,649 - INFO - \U0001f4e6 Parsed card: Superbe appartement à Dar Bouazza
2026-04-28 11:33:21,672 - INFO - \U0001f4e6 Parsed card: Appartements à vendre 56 m² à Marrakech
2026-04-28 11:33:21,695 - INFO - \U0001f4e6 Parsed card: Duplex kasba 115m bonne affaire
2026-04-28 11:33:21,719 - INFO - \U0001f4e6 Parsed card: Appartement neuf à vendre 71 m² à Marrakech
2026-04-28 11:33:21,749 - INFO - \U0001f4e6 Parsed card: Appartement à vendre 85 m² à Sidi Rahal
2026-04-28 11:33:21,775 - INFO - \U0001f4e6 Parsed card: Appartement à vendre 74 m² à Casablanca
2026-04-28 11:33:25,657 - INFO - \u27a1\ufe0f Moved to next page
2026-04-28 11:33:25,657 - INFO - \U0001f4c4 Scraping page 2
2026-04-28 11:33:26,681 - INFO - \U0001f4dc Scrolled page (1/3)
2026-04-28 11:33:27,685 - INFO - \U0001f4dc Scrolled page (2/3)
2026-04-28 11:33:28,695 - INFO - \U0001f4dc Scrolled page (3/3)
2026-04-28 11:33:28,704 - INFO - \U0001f50e Cards found: 38
2026-04-28 11:33:28,736 - INFO - \U0001f4e6 Parsed card: Appartement 67 m² à BOUSKOURA prix imbattable
2026-04-28 11:33:28,768 - INFO - \U0001f4e6 Parsed card: A vendre un joli appartement de 3 chambres
2026-04-28 11:33:28,798 - INFO - \U0001f4e6 Parsed card: Appartement à vendre 76 m² à Sidi Rahal
2026-04-28 11:33:28,826 - INFO - \U0001f4e6 Parsed card: Appartement d’exception à vendre au cœur d’Agdal
2026-04-28 11:33:28,856 - INFO - \U0001f4e6 Parsed card: Appartement à vendre 104 m² à Mohammedia
2026-04-28 11:33:28,884 - INFO - \U0001f4e6 Parsed card: Appartement à vendre opportunité unique à Saïd Hajji – Salé
2026-04-28 11:33:28,912 - INFO - \U0001f4e6 Parsed card: Duplex meublé à vendre près du stade Ibn Batouta
2026-04-28 11:33:28,939 - INFO - \U0001f4e6 Parsed card: Appartement à vendre 87 m² à Casablanca
2026-04-28 11:33:28,967 - INFO - \U0001f4e6 Parsed card: Appartement 109 m² à Salé en cours de construction
2026-04-28 11:33:29,024 - INFO - \U0001f4e6 Parsed card: Studio meublé à vendre vue piscine
2026-04-28 11:33:29,064 - INFO - \U0001f4e6 Parsed card: Appart 114m2 de 3 ch salon à Rouidate
2026-04-28 11:33:29,101 - INFO - \U0001f4e6 Parsed card: Neuf Appartement à vendre 63 m² à Agadir
2026-04-28 11:33:29,128 - INFO - \U0001f4e6 Parsed card: Appartement à vendre 102 m² à Agadir
2026-04-28 11:33:29,155 - INFO - \U0001f4e6 Parsed card: Appartement traversant avec vue mer–Dernier étage
2026-04-28 11:33:29,184 - INFO - \U0001f4e6 Parsed card: À VENDRE APPARTEMENT SALON 3 CHAMBRES 70m2
2026-04-28 11:33:29,211 - INFO - \U0001f4e6 Parsed card: Appartement à vendre 136 m² à Casablanca
2026-04-28 11:33:29,235 - INFO - \U0001f4e6 Parsed card: Spacieux appartement deux façades Belvédère
2026-04-28 11:33:29,260 - INFO - \U0001f4e6 Parsed card: Excellents appartements à vendre
2026-04-28 11:33:29,284 - INFO - \U0001f4e6 Parsed card: Appartement vue piscine
2026-04-28 11:33:29,309 - INFO - \U0001f4e6 Parsed card: Appartement 2 ch à vendre vue sur mer
2026-04-28 11:33:29,333 - INFO - \U0001f4e6 Parsed card: Duplex à vendre 124 m² à Targa 11000 dhs m2
2026-04-28 11:33:29,358 - INFO - \U0001f4e6 Parsed card: Appartement Meublé à vendre à l'Houda
2026-04-28 11:33:29,383 - INFO - \U0001f4e6 Parsed card: Appartement avec terrasse\U0001f60d à vendre à Hay Azdehar
2026-04-28 11:33:29,408 - INFO - \U0001f4e6 Parsed card: Appart 93 m² à Salé en cours de construction
2026-04-28 11:33:29,434 - INFO - \U0001f4e6 Parsed card: Appart 97 m² à Salé en cours de construction
2026-04-28 11:33:29,460 - INFO - \U0001f4e6 Parsed card: A vendre un bel appartement avec terrasse
2026-04-28 11:33:29,487 - INFO - \U0001f4e6 Parsed card: Appartement à vendre 118m² La Perle du Sahara Dakhla
2026-04-28 11:33:29,513 - INFO - \U0001f4e6 Parsed card: RACINE Superbe Appartement Rénové à Vendre 265m²
2026-04-28 11:33:29,540 - INFO - \U0001f4e6 Parsed card: Appartement Excellente finition Très ensoleillé
2026-04-28 11:33:29,565 - INFO - \U0001f4e6 Parsed card: \U0001f60d Appartement rénové avec belle vue
2026-04-28 11:33:29,591 - INFO - \U0001f4e6 Parsed card: A vendre un joli appartement de 3 chambres
2026-04-28 11:33:29,616 - INFO - \U0001f4e6 Parsed card: Apt Neuf 3 Chambres 1Salon roudani Maarif
2026-04-28 11:33:29,641 - INFO - \U0001f4e6 Parsed card: Appartement à vendre à Hay Salam Oujda
2026-04-28 11:33:29,665 - INFO - \U0001f4e6 Parsed card: Magnifique studio à vendre palmier
2026-04-28 11:33:29,691 - INFO - \U0001f4e6 Parsed card: Appartement à vendre 98 m² à Marrakech
2026-04-28 11:33:29,725 - INFO - \U0001f4e6 Parsed card: Appart. 3 façades 78 m2 sidi Maarof à côté Worod
2026-04-28 11:33:29,751 - INFO - \U0001f4e6 Parsed card: Duplex RDC 47 m² en vente - piscine Rooftop
2026-04-28 11:33:29,778 - INFO - \U0001f4e6 Parsed card: TRIANGLE D’OR BEL APPT A VENDRE AVEC TERRASSE
2026-04-28 11:33:33,328 - INFO - \u27a1\ufe0f Moved to next page
2026-04-28 11:33:33,328 - INFO - \U0001f4c4 Scraping page 3
2026-04-28 11:33:34,347 - INFO - \U0001f4dc Scrolled page (1/3)
2026-04-28 11:33:35,359 - INFO - \U0001f4dc Scrolled page (2/3)
2026-04-28 11:33:36,377 - INFO - \U0001f4dc Scrolled page (3/3)
2026-04-28 11:33:36,391 - INFO - \U0001f50e Cards found: 38
2026-04-28 11:33:36,424 - INFO - \U0001f4e6 Parsed card: Appartement 67 m² à BOUSKOURA prix imbattable
2026-04-28 11:33:36,455 - INFO - \U0001f4e6 Parsed card: Appartement à vendre 199 m² à Boulevard Zerktouni
2026-04-28 11:33:36,486 - INFO - \U0001f4e6 Parsed card: Appartement 67 m² à BOUSKOURA prix imbattable
2026-04-28 11:33:36,514 - INFO - \U0001f4e6 Parsed card: TRIANGLE D’OR BEL APPT A VENDRE AVEC TERRASSE
2026-04-28 11:33:36,543 - INFO - \U0001f4e6 Parsed card: Appartement à vendre 149 m² à Casablanca
2026-04-28 11:33:36,585 - INFO - \U0001f4e6 Parsed card: Appartement 66 m² à Hay Nakhil Oujda
2026-04-28 11:33:36,613 - INFO - \U0001f4e6 Parsed card: A VENDRE APPARTEMENTS NEUFS AVEC TITRES FONCIERS
2026-04-28 11:33:36,641 - INFO - \U0001f4e6 Parsed card: Appartement à vendre 100 m² à Marrakech
2026-04-28 11:33:36,668 - INFO - \U0001f4e6 Parsed card: Appartement en vente 65m² à Gueliz-Piscine Rooftop
2026-04-28 11:33:36,721 - INFO - \U0001f4e6 Parsed card: Studio neuf 41 m2 à vendre Roche Noires
2026-04-28 11:33:36,757 - INFO - \U0001f4e6 Parsed card: Duplex à vendre avec piscine proche Guéliz
2026-04-28 11:33:36,795 - INFO - \U0001f4e6 Parsed card: Nouveau Projet Au Centre Avec Piscine
2026-04-28 11:33:36,824 - INFO - \U0001f4e6 Parsed card: Habit immobilier met en vente un joli studio
2026-04-28 11:33:36,850 - INFO - \U0001f4e6 Parsed card: Studio Avec Terrasse À Vendre Sur La Rte De Casa
2026-04-28 11:33:36,891 - INFO - \U0001f4e6 Parsed card: MAÂRIF JOLI APPARTEMENT 109 m² À VENDRE
2026-04-28 11:33:36,918 - INFO - \U0001f4e6 Parsed card: Appartement à vendre 75 m² à Casablanca
2026-04-28 11:33:36,945 - INFO - \U0001f4e6 Parsed card: Appart 118 m² Étage 3 Sidi Maarouf
2026-04-28 11:33:36,969 - INFO - \U0001f4e6 Parsed card: Bel appartement neuf à vendre à Oasis
2026-04-28 11:33:36,993 - INFO - \U0001f4e6 Parsed card: Appartement vue sur la gare routière sans intermédiaire
2026-04-28 11:33:37,018 - INFO - \U0001f4e6 Parsed card: Magnifique penthouse à vendre ou à louer à Wifac
2026-04-28 11:33:37,043 - INFO - \U0001f4e6 Parsed card: DUPLEX D'EXCEPTION Vue MER à vendre MARINA Casa
2026-04-28 11:33:37,067 - INFO - \U0001f4e6 Parsed card: Appartement Marina dor 136 mètre au boulevard
2026-04-28 11:33:37,091 - INFO - \U0001f4e6 Parsed card: Appartement à vendre 100 m² à Marrakech
2026-04-28 11:33:37,117 - INFO - \U0001f4e6 Parsed card: Appartement à Assilah
2026-04-28 11:33:37,161 - INFO - \U0001f4e6 Parsed card: Vente appartement à samlalia
2026-04-28 11:33:37,185 - INFO - \U0001f4e6 Parsed card: Appartement à vendre 48m² à Gueliz - Piscine Rooftop
2026-04-28 11:33:37,212 - INFO - \U0001f4e6 Parsed card: Appartement à vendre Sable d'Or à Harhoura
2026-04-28 11:33:37,235 - INFO - \U0001f4e6 Parsed card: Appartement à vendre sur la route de Safi près de MacDo
2026-04-28 11:33:37,259 - INFO - \U0001f4e6 Parsed card: Appartements de 101 à 190 m² Riad Garden I
2026-04-28 11:33:37,283 - INFO - \U0001f4e6 Parsed card: Meilleur invest Studio Neuf 62M Tram Busway Ghandi
2026-04-28 11:33:37,307 - INFO - \U0001f4e6 Parsed card: Bel appartement à vendre
2026-04-28 11:33:37,331 - INFO - \U0001f4e6 Parsed card: Appartement en vent 51m² à Gueliz-Piscine Rooftop
2026-04-28 11:33:37,360 - INFO - \U0001f4e6 Parsed card: Appartement à vendre 70 m² à Had Soualem
2026-04-28 11:33:37,388 - INFO - \U0001f4e6 Parsed card: Appartement neuf avec ascenseur et parking
2026-04-28 11:33:37,415 - INFO - \U0001f4e6 Parsed card: Appartement Spacieux Avec Finitions Premium
2026-04-28 11:33:37,442 - INFO - \U0001f4e6 Parsed card: Appartement à vendre 61 m² à Marrakech
2026-04-28 11:33:37,468 - INFO - \U0001f4e6 Parsed card: Cozy Studio Duplex Meublé À Vendre À Victor Hugo
2026-04-28 11:33:37,494 - INFO - \U0001f4e6 Parsed card: Appartement à vendre Résidence noria 2 chambres
2026-04-28 11:33:40,793 - INFO - \u27a1\ufe0f Moved to next page
2026-04-28 11:33:40,793 - INFO - \U0001f4c4 Scraping page 4
2026-04-28 11:33:41,819 - INFO - \U0001f4dc Scrolled page (1/3)
2026-04-28 11:33:42,828 - INFO - \U0001f4dc Scrolled page (2/3)
2026-04-28 11:33:43,838 - INFO - \U0001f4dc Scrolled page (3/3)
2026-04-28 11:33:43,853 - INFO - \U0001f50e Cards found: 38
2026-04-28 11:33:43,883 - INFO - \U0001f4e6 Parsed card: Appartement à Atlas golf Resort à Marrakech
2026-04-28 11:33:43,913 - INFO - \U0001f4e6 Parsed card: Appartement d’exception front mer- Tamaris Premium
2026-04-28 11:33:43,942 - INFO - \U0001f4e6 Parsed card: Appartement à vendre 83 m² à guéliz Marrakech
2026-04-28 11:33:43,970 - INFO - \U0001f4e6 Parsed card: À vendre appartement quartier Kenidi
2026-04-28 11:33:43,996 - INFO - \U0001f4e6 Parsed card: Projet Prestigieux avec piscine Route de Casa
2026-04-28 11:33:44,025 - INFO - \U0001f4e6 Parsed card: Appartement à vendre 117 m² à Marrakech
2026-04-28 11:33:44,052 - INFO - \U0001f4e6 Parsed card: Studio Neuf 53m2 Balcon Clim Riviera
2026-04-28 11:33:44,082 - INFO - \U0001f4e6 Parsed card: Résidence River Palm
2026-04-28 11:33:44,111 - INFO - \U0001f4e6 Parsed card: Appartement à vendre 92 m² à El Jadida
2026-04-28 11:33:44,146 - INFO - \U0001f4e6 Parsed card: appartement meublé à vendre
2026-04-28 11:33:44,197 - INFO - \U0001f4e6 Parsed card: PALMIER JOLI STUDIO NEUF AVEC TERRASSE À VENDRE
2026-04-28 11:33:44,234 - INFO - \U0001f4e6 Parsed card: Appartement à vendre à Temara
2026-04-28 11:33:44,267 - INFO - \U0001f4e6 Parsed card: LA PERLA BLANCA -E-8 25/56952
2026-04-28 11:33:44,294 - INFO - \U0001f4e6 Parsed card: Appartement à vendre 60 m² à Marrakech
2026-04-28 11:33:44,323 - INFO - \U0001f4e6 Parsed card: Studio Neuf 42m2 Balcon Garage Maarif
2026-04-28 11:33:44,348 - INFO - \U0001f4e6 Parsed card: Appartement à vendre
2026-04-28 11:33:44,374 - INFO - \U0001f4e6 Parsed card: Résidence Prestige 2, Quartier Al-Azhar
2026-04-28 11:33:44,400 - INFO - \U0001f4e6 Parsed card: Luxueux studio en vente a Gueliz pour AIRBNB
2026-04-28 11:33:44,440 - INFO - \U0001f4e6 Parsed card: Duplex moderne à vendre – 2 chambres Victor Hugo
2026-04-28 11:33:44,475 - INFO - \U0001f4e6 Parsed card: \U0001f3e0 L’EXCEPTION URBAINE Duplex 66 m² à Guéliz
2026-04-28 11:33:44,511 - INFO - \U0001f4e6 Parsed card: CMN-SI-1877 - Appartement à vendre à Bourgogne Est
2026-04-28 11:33:44,542 - INFO - \U0001f4e6 Parsed card: Appart lux 188m2 de 3ch 3sb à Gueliz
2026-04-28 11:33:44,570 - INFO - \U0001f4e6 Parsed card: Appart 76m2 près Mc Do et Marjane allal fassi
2026-04-28 11:33:44,594 - INFO - \U0001f4e6 Parsed card: Appart 78m2 avec terrasse en haut près Atacadao
2026-04-28 11:33:44,620 - INFO - \U0001f4e6 Parsed card: CMN-MA-2470 - Appartement à vendre à Les Hôpitaux
2026-04-28 11:33:44,645 - INFO - \U0001f4e6 Parsed card: Appartement à vendre 69 m² à Casablanca
2026-04-28 11:33:44,671 - INFO - \U0001f4e6 Parsed card: Appartement rénové proche gare, plage et zoo
2026-04-28 11:33:44,699 - INFO - \U0001f4e6 Parsed card: Duplex meublé au centre gueliz pour investissement
2026-04-28 11:33:44,724 - INFO - \U0001f4e6 Parsed card: appartement à vendre
2026-04-28 11:33:44,749 - INFO - \U0001f4e6 Parsed card: Appart. Haut stand. 78m2 Lot Al baraka Californie
2026-04-28 11:33:44,773 - INFO - \U0001f4e6 Parsed card: Appartement à vendre 88 m² à Mohammedia
2026-04-28 11:33:44,799 - INFO - \U0001f4e6 Parsed card: VENTE DIRECTE SUPERBES APPARTEMENTS
2026-04-28 11:33:44,824 - INFO - \U0001f4e6 Parsed card: Appartement à vendre riad Oulfa
2026-04-28 11:33:44,856 - INFO - \U0001f4e6 Parsed card: Appartement à vendre 104m² Amanar à Agadir
2026-04-28 11:33:44,884 - INFO - \U0001f4e6 Parsed card: Appartement meublé à vendre azzouzia bon état
2026-04-28 11:33:44,911 - INFO - \U0001f4e6 Parsed card: Appartement à vendre rue Royal Army
2026-04-28 11:33:44,939 - INFO - \U0001f4e6 Parsed card: Appartement 74 m², ascenseur, syndic, déclaration totale
2026-04-28 11:33:44,967 - INFO - \U0001f4e6 Parsed card: Appartement à vendre 88 m² à Dar Bouazza
2026-04-28 11:33:48,168 - INFO - \u27a1\ufe0f Moved to next page
2026-04-28 11:33:48,169 - INFO - \U0001f4c4 Scraping page 5
2026-04-28 11:33:49,186 - INFO - \U0001f4dc Scrolled page (1/3)
2026-04-28 11:33:50,196 - INFO - \U0001f4dc Scrolled page (2/3)
2026-04-28 11:33:51,212 - INFO - \U0001f4dc Scrolled page (3/3)
2026-04-28 11:33:51,223 - INFO - \U0001f50e Cards found: 38
2026-04-28 11:33:51,278 - INFO - \U0001f4e6 Parsed card: APPART 91m 2FACES vue piscine à MARBELLA BEACH
2026-04-28 11:33:51,319 - INFO - \U0001f4e6 Parsed card: Appartement 2 chambres à vendre à Oulfa
2026-04-28 11:33:51,354 - INFO - \U0001f4e6 Parsed card: vente appartement moyen standing oulfa
2026-04-28 11:33:51,382 - INFO - \U0001f4e6 Parsed card: Appartement haut standing 138 m2 Al Maz
2026-04-28 11:33:51,411 - INFO - \U0001f4e6 Parsed card: Appartement à vendre 88 m² à Dar Bouazza
2026-04-28 11:33:51,439 - INFO - \U0001f4e6 Parsed card: Appartement avec jacuzzi à vendre à Prestigia
2026-04-28 11:33:51,467 - INFO - \U0001f4e6 Parsed card: Appartement à vendre 54 m² à Casablanca
2026-04-28 11:33:51,495 - INFO - \U0001f4e6 Parsed card: Appart.H.ST 87m2 Hay.chrifa près Bd qods
2026-04-28 11:33:51,523 - INFO - \U0001f4e6 Parsed card: Appartement vue mer Anza Miftah Sahil meublé
2026-04-28 11:33:51,553 - INFO - \U0001f4e6 Parsed card: CMN-SI-1879 - Appartement à vendre à Ziraoui
2026-04-28 11:33:51,581 - INFO - \U0001f4e6 Parsed card: Appartement à vendre 129 m² à Casablanca
2026-04-28 11:33:51,608 - INFO - \U0001f4e6 Parsed card: Appartement à vendre 73m² La Perle Bleue à Dakhla
2026-04-28 11:33:51,636 - INFO - \U0001f4e6 Parsed card: Appartement meublé 76 m ascenseur syndic sur la rue
2026-04-28 11:33:51,663 - INFO - \U0001f4e6 Parsed card: Appartement à vendre 50 m² à Marrakech
2026-04-28 11:33:51,694 - INFO - \U0001f4e6 Parsed card: Appartement à vendre 123 m² à Casablanca
2026-04-28 11:33:51,721 - INFO - \U0001f4e6 Parsed card: Appartement avec terrasse 118 m², ascenseur, syndic, 3 minutes de la gare
2026-04-28 11:33:51,745 - INFO - \U0001f4e6 Parsed card: Appartement à vendre au quatrième étage, excellent emplacement
2026-04-28 11:33:51,770 - INFO - \U0001f4e6 Parsed card: Appartement 4 pièces 2 salles de bain ascenseur syndic sur la rue
2026-04-28 11:33:51,796 - INFO - \U0001f4e6 Parsed card: Appartement à vendre105m²Les Jardins de la Coupole
2026-04-28 11:33:51,820 - INFO - \U0001f4e6 Parsed card: Appartement Massira 1 Ahbass 4ème étage
2026-04-28 11:33:51,845 - INFO - \U0001f4e6 Parsed card: Appartement 2 terrasses 196 m ascenseur syndic déclaration totale
2026-04-28 11:33:51,869 - INFO - \U0001f4e6 Parsed card: Appartement à vendre 165 m² à Casablanca
2026-04-28 11:33:51,893 - INFO - \U0001f4e6 Parsed card: Appartement à vendre à Kénitra
2026-04-28 11:33:51,918 - INFO - \U0001f4e6 Parsed card: Appartement à vendre 95 m² à Marrakech
2026-04-28 11:33:51,943 - INFO - \U0001f4e6 Parsed card: Appartement 140m² à Vendre -Quartier Administratif
2026-04-28 11:33:51,967 - INFO - \U0001f4e6 Parsed card: Appartement à vendre 95 m² à Marrakech palmeraie
2026-04-28 11:33:51,993 - INFO - \U0001f4e6 Parsed card: Appartement Ensoleillé à vendre 50 m² à Tamensourt
2026-04-28 11:33:52,017 - INFO - \U0001f4e6 Parsed card: CMN-MA-1866 - Appartement à vendre à Les princesses
2026-04-28 11:33:52,041 - INFO - \U0001f4e6 Parsed card: Appartement de 110 m² à vendre à Castilla – Tanger
2026-04-28 11:33:52,066 - INFO - \U0001f4e6 Parsed card: Superbe studio 56 m² à saisir à Marrakech
2026-04-28 11:33:52,090 - INFO - \U0001f4e6 Parsed card: Appartement 3 chambres à Oued Aliane - 2 façades
2026-04-28 11:33:52,115 - INFO - \U0001f4e6 Parsed card: Appartement à vendre 136 m² à Marrakech
2026-04-28 11:33:52,141 - INFO - \U0001f4e6 Parsed card: Appartement neuf et moderne sur la corniche
2026-04-28 11:33:52,166 - INFO - \U0001f4e6 Parsed card: Appartement à vendre 76 m² à Marrakech
2026-04-28 11:33:52,190 - INFO - \U0001f4e6 Parsed card: Spacieux Appartement 2 Chambres à la Vente Guéliz
2026-04-28 11:33:52,216 - INFO - \U0001f4e6 Parsed card: Appartement excellent 64 mètres avec soutien financier
2026-04-28 11:33:52,241 - INFO - \U0001f4e6 Parsed card: Appartement à vendre 126 m² à ain ktiouit Tanger
2026-04-28 11:33:52,265 - INFO - \U0001f4e6 Parsed card: CMN-AC-2017 - Appartement à vendre à Californie
2026-04-28 11:33:57,926 - INFO - \u27a1\ufe0f Moved to next page
2026-04-28 11:33:57,926 - INFO - \U0001f4c4 Scraping page 6
2026-04-28 11:33:58,953 - INFO - \U0001f4dc Scrolled page (1/3)
2026-04-28 11:33:59,963 - INFO - \U0001f4dc Scrolled page (2/3)
2026-04-28 11:34:00,981 - INFO - \U0001f4dc Scrolled page (3/3)
2026-04-28 11:34:00,997 - INFO - \U0001f50e Cards found: 38
2026-04-28 11:34:01,027 - INFO - \U0001f4e6 Parsed card: Studio à vendre 51m² à Gauthier
2026-04-28 11:34:01,055 - INFO - \U0001f4e6 Parsed card: vente appartement moyen standing oulfa
2026-04-28 11:34:01,082 - INFO - \U0001f4e6 Parsed card: Appartements de luxe à vendre avec vue sur mer
2026-04-28 11:34:01,109 - INFO - \U0001f4e6 Parsed card: Bel appartement en vente bd 2 mars
2026-04-28 11:34:01,135 - INFO - \U0001f4e6 Parsed card: A vendre appartement de 78 m2 avec balcon
2026-04-28 11:34:01,162 - INFO - \U0001f4e6 Parsed card: Studio de 59m² à vendre à Ain Sebaa
2026-04-28 11:34:01,187 - INFO - \U0001f4e6 Parsed card: Duplex vue piscine et mer Taghazout Bay Taourt
2026-04-28 11:34:01,214 - INFO - \U0001f4e6 Parsed card: Appartement à vendre 100 m² à Essaouira
2026-04-28 11:34:01,242 - INFO - \U0001f4e6 Parsed card: Très beau 3ch au Maarif Extension
2026-04-28 11:34:01,296 - INFO - \U0001f4e6 Parsed card: CMN-SI-1881 - Appartement à vendre à Bourgogne Est
2026-04-28 11:34:01,335 - INFO - \U0001f4e6 Parsed card: BEN-MA-1118 - Appartement à vendre à Mansouria-B...
2026-04-28 11:34:01,374 - INFO - \U0001f4e6 Parsed card: Opportunité rare à Izdihar, Appartement à vendre
2026-04-28 11:34:01,407 - INFO - \U0001f4e6 Parsed card: Appartement en vente ain borja
2026-04-28 11:34:01,434 - INFO - \U0001f4e6 Parsed card: Appartement 2 chambres à vendre - Sbata Ben M'sik
2026-04-28 11:34:01,460 - INFO - \U0001f4e6 Parsed card: Appartement à vendre 55 m² à Salé
2026-04-28 11:34:01,487 - INFO - \U0001f4e6 Parsed card: Appartement à vendre 52 m² à Casablanca
2026-04-28 11:34:01,516 - INFO - \U0001f4e6 Parsed card: Appartement neuf enregistré conservé Médina Errahma
2026-04-28 11:34:01,543 - INFO - \U0001f4e6 Parsed card: Appartement de luxe à vendre à Marina golf Asilah
2026-04-28 11:34:01,570 - INFO - \U0001f4e6 Parsed card: Appartement Mers Sultan 139 m² à Casablanca
2026-04-28 11:34:01,595 - INFO - \U0001f4e6 Parsed card: Appartement à Vendre 120 m² à Casablanca/A
2026-04-28 11:34:01,619 - INFO - \U0001f4e6 Parsed card: beau duplex en vente ain borja
2026-04-28 11:34:01,644 - INFO - \U0001f4e6 Parsed card: CMN-HA-1848 - Appartement à vendre à Lissasfa
2026-04-28 11:34:01,671 - INFO - \U0001f4e6 Parsed card: Grand appartement à vendre à Hay Riad
2026-04-28 11:34:01,695 - INFO - \U0001f4e6 Parsed card: Bel appartement en vente al fida
2026-04-28 11:34:01,719 - INFO - \U0001f4e6 Parsed card: Appartement à vendre 68 m² au maarif
2026-04-28 11:34:01,746 - INFO - \U0001f4e6 Parsed card: bel appartement en vente ain borja
2026-04-28 11:34:01,772 - INFO - \U0001f4e6 Parsed card: Appartement à vendre 90 m² centre ville Fès
2026-04-28 11:34:01,796 - INFO - \U0001f4e6 Parsed card: Appartement à vendre 59 m² à Ain Sebaa
2026-04-28 11:34:01,821 - INFO - \U0001f4e6 Parsed card: Bel appartement vente belvedere
2026-04-28 11:34:01,845 - INFO - \U0001f4e6 Parsed card: Bel appartement vente quartier des hôpitaux
2026-04-28 11:34:01,870 - INFO - \U0001f4e6 Parsed card: Grand bel appartement en vente Casablanca
2026-04-28 11:34:01,895 - INFO - \U0001f4e6 Parsed card: Bel appartement de 73m² à Ain Sebaa
2026-04-28 11:34:01,920 - INFO - \U0001f4e6 Parsed card: CMN-AC-1971 - Appartement à vendre à Sidi Maarouf
2026-04-28 11:34:01,946 - INFO - \U0001f4e6 Parsed card: Appartement 110 m² à Casablanca
2026-04-28 11:34:01,970 - INFO - \U0001f4e6 Parsed card: Appartement à vendre de 78 m2 avec balcon
2026-04-28 11:34:01,995 - INFO - \U0001f4e6 Parsed card: CMN-MA-2404 - Appartement à vendre à Les princesses
2026-04-28 11:34:02,020 - INFO - \U0001f4e6 Parsed card: CMN-HA-1920 - Appartement à vendre à Oulfa
2026-04-28 11:34:02,043 - INFO - \U0001f4e6 Parsed card: bel appartement en vente 3 chambres 1 salon
2026-04-28 11:34:05,625 - INFO - \u27a1\ufe0f Moved to next page
2026-04-28 11:34:05,625 - INFO - \U0001f4c4 Scraping page 7
2026-04-28 11:34:06,646 - INFO - \U0001f4dc Scrolled page (1/3)
2026-04-28 11:34:07,657 - INFO - \U0001f4dc Scrolled page (2/3)
2026-04-28 11:34:08,673 - INFO - \U0001f4dc Scrolled page (3/3)
2026-04-28 11:34:08,684 - INFO - \U0001f50e Cards found: 38
2026-04-28 11:34:08,714 - INFO - \U0001f4e6 Parsed card: Superbe Appartement à vendre 75 m² à Marrakech
2026-04-28 11:34:08,743 - INFO - \U0001f4e6 Parsed card: Appartement à vendre 140 m² à la marina casablanca
2026-04-28 11:34:08,772 - INFO - \U0001f4e6 Parsed card: Appartement 74 m² à ALMAZ
2026-04-28 11:34:08,799 - INFO - \U0001f4e6 Parsed card: Grand appartement en vente à Ain Borja
2026-04-28 11:34:08,828 - INFO - \U0001f4e6 Parsed card: CMN-MA-1139 - Appartement à vendre à Val Fleurie
2026-04-28 11:34:08,856 - INFO - \U0001f4e6 Parsed card: Grand appartement en vente Ain Borja
2026-04-28 11:34:08,883 - INFO - \U0001f4e6 Parsed card: Beau studio en vente bd Anfa
2026-04-28 11:34:08,910 - INFO - \U0001f4e6 Parsed card: Bel appartement à vendre près du quartier Al Qods Bernoussi
2026-04-28 11:34:08,937 - INFO - \U0001f4e6 Parsed card: BIENVENUE À ALESIA
2026-04-28 11:34:08,974 - INFO - \U0001f4e6 Parsed card: RBA-YA-1053 - Appartement à vendre à Hay El Menzah
2026-04-28 11:34:09,008 - INFO - \U0001f4e6 Parsed card: CMN-ME-1691 - Appartement à vendre à 2 Mars
2026-04-28 11:34:09,042 - INFO - \U0001f4e6 Parsed card: BEN-MA-1119 - Appartement à vendre à Mansouria-B...
2026-04-28 11:34:09,072 - INFO - \U0001f4e6 Parsed card: Complexe Al Nour Tanger
2026-04-28 11:34:09,099 - INFO - \U0001f4e6 Parsed card: CMN-MA-2450 - Appartement à vendre à Bd Anoual
2026-04-28 11:34:09,126 - INFO - \U0001f4e6 Parsed card: Très bel appartement 3Ch pieds sans l'eau
2026-04-28 11:34:09,153 - INFO - \U0001f4e6 Parsed card: CMN-AN-1884 - Appartement à vendre à Bourgogne
2026-04-28 11:34:09,178 - INFO - \U0001f4e6 Parsed card: CMN-MA-2188 - Appartement à vendre à Racine
2026-04-28 11:34:09,202 - INFO - \U0001f4e6 Parsed card: Appartement à vendre 100 m² à Tanger
2026-04-28 11:34:09,226 - INFO - \U0001f4e6 Parsed card: Appartement à vendre à Ahla
2026-04-28 11:34:09,250 - INFO - \U0001f4e6 Parsed card: Appartement ensoleillé et spacieux
2026-04-28 11:34:09,274 - INFO - \U0001f4e6 Parsed card: Appartement trois chambres salon
2026-04-28 11:34:09,298 - INFO - \U0001f4e6 Parsed card: Appart à vendre 76 m² (Rez Chaussée) à Bouznika
2026-04-28 11:34:09,323 - INFO - \U0001f4e6 Parsed card: Appart à vendre 72 m² Izdihar Marrakech
2026-04-28 11:34:09,348 - INFO - \U0001f4e6 Parsed card: Excellent Appartements à vendre
2026-04-28 11:34:09,374 - INFO - \U0001f4e6 Parsed card: À vendre studio avec terrasse
2026-04-28 11:34:09,399 - INFO - \U0001f4e6 Parsed card: Appartement à vendre 67 m² à Asilah
2026-04-28 11:34:09,423 - INFO - \U0001f4e6 Parsed card: Appartement excellent à vendre à Haye Militaire, El Bustan, Meknes
2026-04-28 11:34:09,448 - INFO - \U0001f4e6 Parsed card: Appartement à vendre 64 m² à Tanger
2026-04-28 11:34:09,472 - INFO - \U0001f4e6 Parsed card: TNG-TA-1129 - Appartement à vendre à Msala
2026-04-28 11:34:09,497 - INFO - \U0001f4e6 Parsed card: Appartement au 4ème étage avec ascenseur à la résidence Jawharat Al Atlas
2026-04-28 11:34:09,521 - INFO - \U0001f4e6 Parsed card: Appartement luxueux à vendre au cœur de Tanger
2026-04-28 11:34:09,546 - INFO - \U0001f4e6 Parsed card: Appartement à vendre 174m2 à Mers Sultan
2026-04-28 11:34:09,571 - INFO - \U0001f4e6 Parsed card: Investissement rentable à 5 min de Gueliz.
2026-04-28 11:34:09,594 - INFO - \U0001f4e6 Parsed card: Appartement à vendre à Azib Haj Kaddour
2026-04-28 11:34:09,618 - INFO - \U0001f4e6 Parsed card: Appartement à vendre 120 m² à Guich des Oudayas
2026-04-28 11:34:09,642 - INFO - \U0001f4e6 Parsed card: Diar Alfath Lot 10 Taje 1
2026-04-28 11:34:09,669 - INFO - \U0001f4e6 Parsed card: Appartements à vendre près du café Russie
2026-04-28 11:34:09,695 - INFO - \U0001f4e6 Parsed card: Appartements de qualité à vendre
2026-04-28 11:34:12,467 - INFO - \u27a1\ufe0f Moved to next page
2026-04-28 11:34:12,467 - INFO - \U0001f4c4 Scraping page 8
2026-04-28 11:34:13,492 - INFO - \U0001f4dc Scrolled page (1/3)
2026-04-28 11:34:14,499 - INFO - \U0001f4dc Scrolled page (2/3)
2026-04-28 11:34:15,519 - INFO - \U0001f4dc Scrolled page (3/3)
2026-04-28 11:34:15,528 - INFO - \U0001f50e Cards found: 38
2026-04-28 11:34:15,571 - INFO - \U0001f4e6 Parsed card: Appartement à vendre à Ouad law
2026-04-28 11:34:15,630 - INFO - \U0001f4e6 Parsed card: Appartement à vendre 140 m² à la marina casablanca
2026-04-28 11:34:15,670 - INFO - \U0001f4e6 Parsed card: Appartement 200m² haut standing – Moulay Abdelaziz
2026-04-28 11:34:15,710 - INFO - \U0001f4e6 Parsed card: Appartement de haut standing
2026-04-28 11:34:15,739 - INFO - \U0001f4e6 Parsed card: Appartement à vendre
2026-04-28 11:34:15,766 - INFO - \U0001f4e6 Parsed card: Bel Appartement dans la résidence Jardins Souss
2026-04-28 11:34:15,794 - INFO - \U0001f4e6 Parsed card: Appartement à vendre 70 m² à Essaouira
2026-04-28 11:34:15,822 - INFO - \U0001f4e6 Parsed card: Appartement sur R plus 2
2026-04-28 11:34:15,852 - INFO - \U0001f4e6 Parsed card: Bel appartement à vendre calme proche de tout
2026-04-28 11:34:15,880 - INFO - \U0001f4e6 Parsed card: Appartements Excellent a vendre
2026-04-28 11:34:15,907 - INFO - \U0001f4e6 Parsed card: Appartement à vendre 99 m² à Casablanca
2026-04-28 11:34:15,936 - INFO - \U0001f4e6 Parsed card: Studio à vendre à Palmier
2026-04-28 11:34:15,966 - INFO - \U0001f4e6 Parsed card: Appartement à vendre 122m² Casablanca Mers sultan
2026-04-28 11:34:15,993 - INFO - \U0001f4e6 Parsed card: Un appartement
2026-04-28 11:34:16,020 - INFO - \U0001f4e6 Parsed card: Appartement à Al Qods Bernoussi
2026-04-28 11:34:16,048 - INFO - \U0001f4e6 Parsed card: Appartement à vendre 64 m² à Casablanca
2026-04-28 11:34:16,073 - INFO - \U0001f4e6 Parsed card: Appartement à vendre 51 m² à Casablanca
2026-04-28 11:34:16,100 - INFO - \U0001f4e6 Parsed card: Bel appartement terrasse à Essaouira
2026-04-28 11:34:16,126 - INFO - \U0001f4e6 Parsed card: Appartements à vendre à Harhoura Valdor
2026-04-28 11:34:16,149 - INFO - \U0001f4e6 Parsed card: Appartement à vendre 50 m² à Casablanca
2026-04-28 11:34:16,173 - INFO - \U0001f4e6 Parsed card: Appartement à vendre 50 m² à Casablanca
2026-04-28 11:34:16,196 - INFO - \U0001f4e6 Parsed card: Appartements à vendre à M'Hamid 9 – Soutien 7 millions
2026-04-28 11:34:16,221 - INFO - \U0001f4e6 Parsed card: Appartement "Soumi Vini" dans un quartier chic près de la mosquée et sans intérêt
2026-04-28 11:34:16,251 - INFO - \U0001f4e6 Parsed card: Triplex de 200m² à 200m avenue ibn badis
2026-04-28 11:34:16,278 - INFO - \U0001f4e6 Parsed card: Appartement Mansour Tadamon
2026-04-28 11:34:16,303 - INFO - \U0001f4e6 Parsed card: Appartement à vendre 92 m² à boustane El Jadida
2026-04-28 11:34:16,329 - INFO - \U0001f4e6 Parsed card: Studio de Luxe Meublé à vendre
2026-04-28 11:34:16,354 - INFO - \U0001f4e6 Parsed card: Appartement spacieux 107 m² 3 chambres
2026-04-28 11:34:16,378 - INFO - \U0001f4e6 Parsed card: Appartement à vendre Iberia
2026-04-28 11:34:16,402 - INFO - \U0001f4e6 Parsed card: APPARTEMENT À VENDRE AV HASSAN 2
2026-04-28 11:34:16,427 - INFO - \U0001f4e6 Parsed card: Super appart 92m2 ensoleillé sur parc
2026-04-28 11:34:16,451 - INFO - \U0001f4e6 Parsed card: Appartement à vendre
2026-04-28 11:34:16,475 - INFO - \U0001f4e6 Parsed card: Appartement à vendre 171 m² EL MENEZEH
2026-04-28 11:34:16,503 - INFO - \U0001f4e6 Parsed card: Superbe appartement à vendre, premier étage, 290 000 dirhams
2026-04-28 11:34:16,538 - INFO - \U0001f4e6 Parsed card: Appartement à vendre 75 m² à Essaouira
2026-04-28 11:34:16,567 - INFO - \U0001f4e6 Parsed card: Appartement à vendre
2026-04-28 11:34:16,595 - INFO - \U0001f4e6 Parsed card: Appartement à vendre 5 minutes de Hay Riad
2026-04-28 11:34:16,620 - INFO - \U0001f4e6 Parsed card: Appartement À vendre à Témara Wifak 87m²
2026-04-28 11:34:20,952 - INFO - \u27a1\ufe0f Moved to next page
2026-04-28 11:34:20,952 - INFO - \U0001f4c4 Scraping page 9
2026-04-28 11:34:21,970 - INFO - \U0001f4dc Scrolled page (1/3)
2026-04-28 11:34:22,981 - INFO - \U0001f4dc Scrolled page (2/3)
2026-04-28 11:34:23,998 - INFO - \U0001f4dc Scrolled page (3/3)
2026-04-28 11:34:24,008 - INFO - \U0001f50e Cards found: 38
2026-04-28 11:34:24,037 - INFO - \U0001f4e6 Parsed card: Appartement bénéficiant de l'aide de l'état
2026-04-28 11:34:24,067 - INFO - \U0001f4e6 Parsed card: Appartement à vendre 119 m² sur 2mars
2026-04-28 11:34:24,097 - INFO - \U0001f4e6 Parsed card: Appartement à vendre 134 m² à Casablanca
2026-04-28 11:34:24,124 - INFO - \U0001f4e6 Parsed card: Appartement à vendre 5 minutes de Hay Riad
2026-04-28 11:34:24,152 - INFO - \U0001f4e6 Parsed card: Appartement à vendre 140 m² à Bouznika
2026-04-28 11:34:24,185 - INFO - \U0001f4e6 Parsed card: Appartement à vendre 76 m² à Sidi Rahal
2026-04-28 11:34:24,212 - INFO - \U0001f4e6 Parsed card: Appt 92m2 ensoleillé sur Wafa
2026-04-28 11:34:24,241 - INFO - \U0001f4e6 Parsed card: APPARTEMENT À VENDRE À ABWAB GUELIZ
2026-04-28 11:34:24,268 - INFO - \U0001f4e6 Parsed card: Appartement à vendre 233 m² à Rabat
2026-04-28 11:34:24,294 - INFO - \U0001f4e6 Parsed card: Appartement neuf à vendre 136 m² à Harhoura Valdor
2026-04-28 11:34:24,351 - INFO - \U0001f4e6 Parsed card: Appartement à vendre 199 m² à Boulevard Zerktouni
2026-04-28 11:34:24,389 - INFO - \U0001f4e6 Parsed card: APPARTEMENT À VENDRE AU CŒUR DE GUELIZ
2026-04-28 11:34:24,425 - INFO - \U0001f4e6 Parsed card: Appartement à vendre
2026-04-28 11:34:24,452 - INFO - \U0001f4e6 Parsed card: Appartement 1er étage proche de la gare
2026-04-28 11:34:24,479 - INFO - \U0001f4e6 Parsed card: Magnifique appartement meublé front de mer
2026-04-28 11:34:24,506 - INFO - \U0001f4e6 Parsed card: Appartement à vendre
2026-04-28 11:34:24,532 - INFO - \U0001f4e6 Parsed card: Tayssir Dhouha Kénitra
2026-04-28 11:34:24,556 - INFO - \U0001f4e6 Parsed card: Appartement à vendre 75 m² à Agadir
2026-04-28 11:34:24,580 - INFO - \U0001f4e6 Parsed card: Appt 2 ch double salon à vendre à Borgogne ouest
2026-04-28 11:34:24,604 - INFO - \U0001f4e6 Parsed card: Appartement à vendre, premier étage à Abwab Marrakech
2026-04-28 11:34:24,628 - INFO - \U0001f4e6 Parsed card: Appartement à vendre 70 m² au Vizir Center à Marrakech
2026-04-28 11:34:24,652 - INFO - \U0001f4e6 Parsed card: Appartements de qualité à vendre à Ain Atiq
2026-04-28 11:34:24,677 - INFO - \U0001f4e6 Parsed card: Appartement d’exception front mer- Tamaris Premium
2026-04-28 11:34:24,701 - INFO - \U0001f4e6 Parsed card: Appartement à vendre 83 m² à Ain sebaa
2026-04-28 11:34:24,726 - INFO - \U0001f4e6 Parsed card: Appartement à vendre 79m² à Ain Sebaa
2026-04-28 11:34:24,751 - INFO - \U0001f4e6 Parsed card: Appartement de luxe à vendre vue mer
2026-04-28 11:34:24,775 - INFO - \U0001f4e6 Parsed card: Appartement à vendre 140 m² la marina Casablanca
2026-04-28 11:34:24,799 - INFO - \U0001f4e6 Parsed card: Appartement en face Zone Villa
2026-04-28 11:34:24,835 - INFO - \U0001f4e6 Parsed card: Appartements de luxe à vendre avec vue sur mer
2026-04-28 11:34:24,863 - INFO - \U0001f4e6 Parsed card: APPARTEMENT RÉSIDENCE TAOUIRT TAGHAZOUT BAY
2026-04-28 11:34:24,890 - INFO - \U0001f4e6 Parsed card: Appartement à vendre 61 m² à Meknès
2026-04-28 11:34:24,918 - INFO - \U0001f4e6 Parsed card: appartement à Bahia Golf beach
2026-04-28 11:34:24,957 - INFO - \U0001f4e6 Parsed card: Appartement 2 chambres à vendre à Oulfa
2026-04-28 11:34:25,003 - INFO - \U0001f4e6 Parsed card: appartement meublé
2026-04-28 11:34:25,039 - INFO - \U0001f4e6 Parsed card: Appartement à louer 60 m² à Casablanca
2026-04-28 11:34:25,069 - INFO - \U0001f4e6 Parsed card: Appartement R+2//hawtta
2026-04-28 11:34:25,098 - INFO - \U0001f4e6 Parsed card: Appartement à vendre, 2 Mars Casablanca
2026-04-28 11:34:25,129 - INFO - \U0001f4e6 Parsed card: Appartement à vendre 82 m² à Kénitra
2026-04-28 11:34:27,969 - INFO - \u27a1\ufe0f Moved to next page
2026-04-28 11:34:27,970 - INFO - \U0001f4c4 Scraping page 10
2026-04-28 11:34:28,997 - INFO - \U0001f4dc Scrolled page (1/3)
2026-04-28 11:34:30,005 - INFO - \U0001f4dc Scrolled page (2/3)
2026-04-28 11:34:31,019 - INFO - \U0001f4dc Scrolled page (3/3)
2026-04-28 11:34:31,037 - INFO - \U0001f50e Cards found: 38
2026-04-28 11:34:31,068 - INFO - \U0001f4e6 Parsed card: Appartement à vendre 199 m² à Boulevard Zerktouni
2026-04-28 11:34:31,096 - INFO - \U0001f4e6 Parsed card: Appartement à vendre 56 m² à Marrakech
2026-04-28 11:34:31,126 - INFO - \U0001f4e6 Parsed card: Super Appartement Vue sur Mer à Dar Bouazza
2026-04-28 11:34:31,155 - INFO - \U0001f4e6 Parsed card: Appartement de Luxe 270 m²–Hay Riad Rabat
2026-04-28 11:34:31,183 - INFO - \U0001f4e6 Parsed card: Appartements à vendre 137 m² à Marrakech
2026-04-28 11:34:31,215 - INFO - \U0001f4e6 Parsed card: Appartement RDC meublé 60m² Route de Guemassa
2026-04-28 11:34:31,243 - INFO - \U0001f4e6 Parsed card: Appartement à Bouznika
2026-04-28 11:34:31,277 - INFO - \U0001f4e6 Parsed card: Appartement à vendre 256 m² à Tanger
2026-04-28 11:34:31,338 - INFO - \U0001f4e6 Parsed card: Appartement Avec Terrasse à vendre à Tamraght
2026-04-28 11:34:31,377 - INFO - \U0001f4e6 Parsed card: Appartement à vendre à Settat, prix 28 millions
2026-04-28 11:34:31,409 - INFO - \U0001f4e6 Parsed card: Appartement à vendre 120 m² à Tanger
2026-04-28 11:34:31,438 - INFO - \U0001f4e6 Parsed card: Appartement à vendre 84 m² à Meknès
2026-04-28 11:34:31,466 - INFO - \U0001f4e6 Parsed card: Appartement de 73 mètres dans un immeuble de seulement 6 appartements
2026-04-28 11:34:31,495 - INFO - \U0001f4e6 Parsed card: Appartement à vendre 70 m² à Tanger
2026-04-28 11:34:31,527 - INFO - \U0001f4e6 Parsed card: Appartement à vendre 176 m² à Tanger
2026-04-28 11:34:31,557 - INFO - \U0001f4e6 Parsed card: À vendre appartement de luxe à malabata hills
2026-04-28 11:34:31,584 - INFO - \U0001f4e6 Parsed card: Appartement à vendre 68 m² à Kénitra
2026-04-28 11:34:31,610 - INFO - \U0001f4e6 Parsed card: Appartement au premier étage, résidence Saada
2026-04-28 11:34:31,637 - INFO - \U0001f4e6 Parsed card: En face des Forces Auxiliaires
2026-04-28 11:34:31,663 - INFO - \U0001f4e6 Parsed card: Appartement à vendre 90 m² à Casablanca
2026-04-28 11:34:31,688 - INFO - \U0001f4e6 Parsed card: Appartement à vendre résidence Halima 1 38 millions
2026-04-28 11:34:31,713 - INFO - \U0001f4e6 Parsed card: Appartement à vendre 95 m² à Kénitra
2026-04-28 11:34:31,739 - INFO - \U0001f4e6 Parsed card: Appartement à vendre 70 m² à Kénitra
2026-04-28 11:34:31,764 - INFO - \U0001f4e6 Parsed card: Appartement à vendre 90 m² à Kénitra
2026-04-28 11:34:31,790 - INFO - \U0001f4e6 Parsed card: Appartement à vendre 90 m² à Kénitra
2026-04-28 11:34:31,818 - INFO - \U0001f4e6 Parsed card: Appartement à vendre 94 m² à Kénitra
2026-04-28 11:34:31,843 - INFO - \U0001f4e6 Parsed card: Appartement à vendre 80 m² à Kénitra
2026-04-28 11:34:31,868 - INFO - \U0001f4e6 Parsed card: Appartement 124 m² – Centre Ville, Tanger
2026-04-28 11:34:31,893 - INFO - \U0001f4e6 Parsed card: Appartement à vendre 329 m² à Fès
2026-04-28 11:34:31,917 - INFO - \U0001f4e6 Parsed card: Appartement à vendre à Berrechid El Qabbah
2026-04-28 11:34:31,941 - INFO - \U0001f4e6 Parsed card: Super Appartement Vue sur Mer à Dar Bouazza
2026-04-28 11:34:31,965 - INFO - \U0001f4e6 Parsed card: Appartement de Grande Superficie 93 m²
2026-04-28 11:34:31,990 - INFO - \U0001f4e6 Parsed card: Nouvel appartement à vendre
2026-04-28 11:34:32,024 - INFO - \U0001f4e6 Parsed card: Appartements à vendre
2026-04-28 11:34:32,058 - INFO - \U0001f4e6 Parsed card: Appartement à vendre 85 m²
2026-04-28 11:34:32,085 - INFO - \U0001f4e6 Parsed card: Appartement à vendre Abdelatif Ben Kaddour
2026-04-28 11:34:32,114 - INFO - \U0001f4e6 Parsed card: Appartement à vendre
2026-04-28 11:34:32,145 - INFO - \U0001f4e6 Parsed card: Projet Neuf & Unique de haut Standing au Parc de M...
2026-04-28 11:34:35,440 - INFO - \u27a1\ufe0f Moved to next page
2026-04-28 11:34:37,628 - INFO - \U0001f4be Data saved to staging\row_data.csv
2026-04-28 11:34:37,628 - INFO - \U0001f3c1 Scraping finished successfully
2026-04-28 11:44:05,873 - INFO - \U0001f680 Scraping script started
2026-04-28 11:44:07,753 - INFO - \U0001f310 Chrome opened Avito page
2026-04-28 11:44:07,753 - INFO - \U0001f4c4 Scraping page 1
2026-04-28 11:44:08,790 - INFO - \U0001f4dc Scrolled page (1/3)
2026-04-28 11:44:09,876 - INFO - \U0001f4dc Scrolled page (2/3)
2026-04-28 11:44:10,886 - INFO - \U0001f4dc Scrolled page (3/3)
2026-04-28 11:44:10,896 - INFO - \U0001f50e Cards found: 38
2026-04-28 11:44:10,937 - INFO - \U0001f4e6 Parsed card: Appartement 2 chambres corniche investisseurs airbnb
2026-04-28 11:44:10,979 - INFO - \U0001f4e6 Parsed card: Appartements à vendre – Immeuble 3 étages
2026-04-28 11:44:11,016 - INFO - \U0001f4e6 Parsed card: Appartement à vendre 140 m² la marina Casablanca
2026-04-28 11:44:11,051 - INFO - \U0001f4e6 Parsed card: Studio idéal pour investissement 47m²
2026-04-28 11:44:11,081 - INFO - \U0001f4e6 Parsed card: Studio à vendre 33m² à Palmier
2026-04-28 11:44:11,111 - INFO - \U0001f4e6 Parsed card: Appartement à vendre 100 m² à Marrakech
2026-04-28 11:44:11,144 - INFO - \U0001f4e6 Parsed card: CMN-MA-2450 - Appartement à vendre à Bd Anoual
2026-04-28 11:44:11,229 - INFO - \U0001f4e6 Parsed card: Studio 49m Neuf Proche Tram Anoual
2026-04-28 11:44:11,268 - INFO - \U0001f4e6 Parsed card: À VENDRE 162M² BD ROUDANI – MAÂRIF
2026-04-28 11:44:11,321 - INFO - \U0001f4e6 Parsed card: Appartement vue sur mer à vendre à Asilah
2026-04-28 11:44:11,356 - INFO - \U0001f4e6 Parsed card: Appart 105m A Résidence Casa Park Sidi Maarouf
2026-04-28 11:44:11,389 - INFO - \U0001f4e6 Parsed card: Appartement 74 m² à ALMAZ
2026-04-28 11:44:11,419 - INFO - \U0001f4e6 Parsed card: Duplex Avec Cour Spacieuse En Résidence Fermée
2026-04-28 11:44:11,452 - INFO - \U0001f4e6 Parsed card: Superbe Appartement À Semlalia À La Vente
2026-04-28 11:44:11,481 - INFO - \U0001f4e6 Parsed card: Appartement 3 ch bien situé
2026-04-28 11:44:11,527 - INFO - \U0001f4e6 Parsed card: Appartement R plus deux // près de la faculté
2026-04-28 11:44:11,573 - INFO - \U0001f4e6 Parsed card: Appartement à vendre 154 m² à Rabat
2026-04-28 11:44:11,641 - INFO - \U0001f4e6 Parsed card: CMN-MA-2188 - Appartement à vendre à Racine
2026-04-28 11:44:11,680 - INFO - \U0001f4e6 Parsed card: Appartement 112 mètres, 3 façades avec soutien
2026-04-28 11:44:11,718 - INFO - \U0001f4e6 Parsed card: CMN-AN-1884 - Appartement à vendre à Bourgogne
2026-04-28 11:44:11,752 - INFO - \U0001f4e6 Parsed card: Appart 68m Maarif Ex Près Carrefour Yacoub
2026-04-28 11:44:11,780 - INFO - \U0001f4e6 Parsed card: CMN-ME-1690 - Appartement à vendre à 2 Mars
2026-04-28 11:44:11,810 - INFO - \U0001f4e6 Parsed card: Appartement à vendre 111 m² à Marrakech
2026-04-28 11:44:11,843 - INFO - \U0001f4e6 Parsed card: Appartement à vendre
2026-04-28 11:44:11,872 - INFO - \U0001f4e6 Parsed card: DES Appartements de 109 m² à Victoria - BOUSKOURA
2026-04-28 11:44:11,901 - INFO - \U0001f4e6 Parsed card: Excellent appartement à vendre de 100m² dans le quartier Moulay Abdellah
2026-04-28 11:44:11,928 - INFO - \U0001f4e6 Parsed card: Vente Urgente Appartement Économique AinChock Lamkansa4
2026-04-28 11:44:11,958 - INFO - \U0001f4e6 Parsed card: Appartement à Mohammedia au quartier du Parc
2026-04-28 11:44:11,983 - INFO - \U0001f4e6 Parsed card: Lancement projets appartements près Mahatta Jadida
2026-04-28 11:44:12,012 - INFO - \U0001f4e6 Parsed card: \U0001f48e L'OPPORTUNITÉ GUÉLIZ-SEMLALIA 57 m²
2026-04-28 11:44:12,038 - INFO - \U0001f4e6 Parsed card: 3 Chambres à vendre 112 m² à Californie
2026-04-28 11:44:12,066 - INFO - \U0001f4e6 Parsed card: CMN-AC-2063 - Appartement à vendre à Sidi Maarouf
2026-04-28 11:44:12,104 - INFO - \U0001f4e6 Parsed card: 2 Appartements moyen standing à vendre – Benguerir
2026-04-28 11:44:12,131 - INFO - \U0001f4e6 Parsed card: Appartement à vendre 90 m² Limoune à Ouled Teïma
2026-04-28 11:44:12,160 - INFO - \U0001f4e6 Parsed card: CMN-HA-1859 - Appartement à vendre à Beauséjour
2026-04-28 11:44:12,188 - INFO - \U0001f4e6 Parsed card: Appt 3 ch salon à vendre à Val Fleuri
2026-04-28 11:44:12,216 - INFO - \U0001f4e6 Parsed card: Offre d'appartement à vendre entre la route de Rabat et Kzennaya
2026-04-28 11:44:12,243 - INFO - \U0001f4e6 Parsed card: 3 Chambres à vendre 143 m² à Californie
2026-04-28 11:44:15,873 - INFO - \u27a1\ufe0f Moved to next page
2026-04-28 11:44:15,873 - INFO - \U0001f4c4 Scraping page 2
2026-04-28 11:44:16,883 - INFO - \U0001f4dc Scrolled page (1/3)
2026-04-28 11:44:17,898 - INFO - \U0001f4dc Scrolled page (2/3)
2026-04-28 11:44:18,911 - INFO - \U0001f4dc Scrolled page (3/3)
2026-04-28 11:44:18,932 - INFO - \U0001f50e Cards found: 38
2026-04-28 11:44:18,974 - INFO - \U0001f4e6 Parsed card: Appartement en vent 51m² à Gueliz-Piscine Rooftop
2026-04-28 11:44:19,022 - INFO - \U0001f4e6 Parsed card: Appartement à vendre 140 m² à PRESTIGIA
2026-04-28 11:44:19,077 - INFO - \U0001f4e6 Parsed card: Appartement Neuf 84 m² à Guéliz Avec Piscine
2026-04-28 11:44:19,151 - INFO - \U0001f4e6 Parsed card: Appartement meublé 3 chambres à vendre Tanger
2026-04-28 11:44:19,216 - INFO - \U0001f4e6 Parsed card: CMN-AN-1875 - Appartement à vendre à Bourgogne
2026-04-28 11:44:19,258 - INFO - \U0001f4e6 Parsed card: Appartement en vente 61m² à Gueliz Piscine Rooftop
2026-04-28 11:44:19,300 - INFO - \U0001f4e6 Parsed card: CMN-MA-2478 - Appartement à vendre à Burger
2026-04-28 11:44:19,329 - INFO - \U0001f4e6 Parsed card: Appartement à vendre 60 m² à Marrakech
2026-04-28 11:44:19,369 - INFO - \U0001f4e6 Parsed card: Appartement 2 chambres corniche investisseurs airbnb
2026-04-28 11:44:19,400 - INFO - \U0001f4e6 Parsed card: Appartement à vendre 51 m² à Casablanca
2026-04-28 11:44:19,431 - INFO - \U0001f4e6 Parsed card: Superbe appartement à vendre dans le quartier Golf, route des Rmilat
2026-04-28 11:44:19,468 - INFO - \U0001f4e6 Parsed card: Appartements à vendre 56 m² à Marrakech
2026-04-28 11:44:19,506 - INFO - \U0001f4e6 Parsed card: Superbe appartement à Dar Bouazza
2026-04-28 11:44:19,548 - INFO - \U0001f4e6 Parsed card: Appartement Rénové Sécurisé 1er Étage Ensoleillé Bd Roudani
2026-04-28 11:44:19,616 - INFO - \U0001f4e6 Parsed card: Studio-Neuf/JamaisHabité/ 62M²/Tram Busway Ghandi
2026-04-28 11:44:19,666 - INFO - \U0001f4e6 Parsed card: A vendre un appart de 4 chambres sans voisins
2026-04-28 11:44:19,711 - INFO - \U0001f4e6 Parsed card: Appartement à vendre 87 m² à Casablanca
2026-04-28 11:44:19,739 - INFO - \U0001f4e6 Parsed card: Appartement neuf à vendre 71 m² à Marrakech
2026-04-28 11:44:19,765 - INFO - \U0001f4e6 Parsed card: Appartement à vendre 85 m² à Sidi Rahal
2026-04-28 11:44:19,795 - INFO - \U0001f4e6 Parsed card: Appartement à vendre 74 m² à Casablanca
2026-04-28 11:44:19,828 - INFO - \U0001f4e6 Parsed card: Appartement d’exception à vendre au cœur d’Agdal
2026-04-28 11:44:19,862 - INFO - \U0001f4e6 Parsed card: Appartement à vendre 104 m² à Mohammedia
2026-04-28 11:44:19,903 - INFO - \U0001f4e6 Parsed card: Appartement à vendre opportunité unique à Saïd Hajji – Salé
2026-04-28 11:44:19,944 - INFO - \U0001f4e6 Parsed card: Duplex meublé à vendre près du stade Ibn Batouta
2026-04-28 11:44:19,978 - INFO - \U0001f4e6 Parsed card: Appartement à vendre 136 m² à Casablanca
2026-04-28 11:44:20,004 - INFO - \U0001f4e6 Parsed card: Excellents appartements à vendre
2026-04-28 11:44:20,032 - INFO - \U0001f4e6 Parsed card: Appartement traversant avec vue mer–Dernier étage
2026-04-28 11:44:20,062 - INFO - \U0001f4e6 Parsed card: À VENDRE APPARTEMENT SALON 3 CHAMBRES 70m2
2026-04-28 11:44:20,090 - INFO - \U0001f4e6 Parsed card: Spacieux appartement deux façades Belvédère
2026-04-28 11:44:20,116 - INFO - \U0001f4e6 Parsed card: Neuf Appartement à vendre 63 m² à Agadir
2026-04-28 11:44:20,144 - INFO - \U0001f4e6 Parsed card: Studio meublé à vendre vue piscine
2026-04-28 11:44:20,170 - INFO - \U0001f4e6 Parsed card: Appart 114m2 de 3 ch salon à Rouidate
2026-04-28 11:44:20,196 - INFO - \U0001f4e6 Parsed card: Appartement à vendre 102 m² à Agadir
2026-04-28 11:44:20,224 - INFO - \U0001f4e6 Parsed card: Appartement 109 m² à Salé en cours de construction
2026-04-28 11:44:20,252 - INFO - \U0001f4e6 Parsed card: Appartement Excellente finition Très ensoleillé
2026-04-28 11:44:20,281 - INFO - \U0001f4e6 Parsed card: Appartement 2 ch à vendre vue sur mer
2026-04-28 11:44:20,316 - INFO - \U0001f4e6 Parsed card: RACINE Superbe Appartement Rénové à Vendre 265m²
2026-04-28 11:44:20,344 - INFO - \U0001f4e6 Parsed card: Appart 93 m² à Salé en cours de construction
2026-04-28 11:44:24,054 - INFO - \u27a1\ufe0f Moved to next page
2026-04-28 11:44:24,054 - INFO - \U0001f4c4 Scraping page 3
2026-04-28 11:44:25,068 - INFO - \U0001f4dc Scrolled page (1/3)
2026-04-28 11:44:26,082 - INFO - \U0001f4dc Scrolled page (2/3)
2026-04-28 11:44:27,099 - INFO - \U0001f4dc Scrolled page (3/3)
2026-04-28 11:44:27,110 - INFO - \U0001f50e Cards found: 38
2026-04-28 11:44:27,141 - INFO - \U0001f4e6 Parsed card: 3 Chambres à vendre 112 m² à Californie
2026-04-28 11:44:27,175 - INFO - \U0001f4e6 Parsed card: Appartement d'Exception Vue Panoramique à Hassan
2026-04-28 11:44:27,208 - INFO - \U0001f4e6 Parsed card: Studio de Luxe Meublé à vendre
2026-04-28 11:44:27,238 - INFO - \U0001f4e6 Parsed card: Appartement avec terrasse\U0001f60d à vendre à Hay Azdehar
2026-04-28 11:44:27,268 - INFO - \U0001f4e6 Parsed card: Appart 93 m² à Salé en cours de construction
2026-04-28 11:44:27,298 - INFO - \U0001f4e6 Parsed card: Appart 97 m² à Salé en cours de construction
2026-04-28 11:44:27,329 - INFO - \U0001f4e6 Parsed card: A vendre un bel appartement avec terrasse
2026-04-28 11:44:27,358 - INFO - \U0001f4e6 Parsed card: Appartement à vendre 118m² La Perle du Sahara Dakhla
2026-04-28 11:44:27,388 - INFO - \U0001f4e6 Parsed card: RACINE Superbe Appartement Rénové à Vendre 265m²
2026-04-28 11:44:27,450 - INFO - \U0001f4e6 Parsed card: Appartement Excellente finition Très ensoleillé
2026-04-28 11:44:27,487 - INFO - \U0001f4e6 Parsed card: \U0001f60d Appartement rénové avec belle vue
2026-04-28 11:44:27,525 - INFO - \U0001f4e6 Parsed card: A vendre un joli appartement de 3 chambres
2026-04-28 11:44:27,555 - INFO - \U0001f4e6 Parsed card: Apt Neuf 3 Chambres 1Salon roudani Maarif
2026-04-28 11:44:27,586 - INFO - \U0001f4e6 Parsed card: Appartement à vendre à Hay Salam Oujda
2026-04-28 11:44:27,613 - INFO - \U0001f4e6 Parsed card: Magnifique studio à vendre palmier
2026-04-28 11:44:27,641 - INFO - \U0001f4e6 Parsed card: Appartement à vendre 98 m² à Marrakech
2026-04-28 11:44:27,666 - INFO - \U0001f4e6 Parsed card: Appart. 3 façades 78 m2 sidi Maarof à côté Worod
2026-04-28 11:44:27,691 - INFO - \U0001f4e6 Parsed card: Duplex RDC 47 m² en vente - piscine Rooftop
2026-04-28 11:44:27,716 - INFO - \U0001f4e6 Parsed card: TRIANGLE D’OR BEL APPT A VENDRE AVEC TERRASSE
2026-04-28 11:44:27,741 - INFO - \U0001f4e6 Parsed card: Appartement à vendre au parc mohammedia
2026-04-28 11:44:27,766 - INFO - \U0001f4e6 Parsed card: Appartement 66 m² à Hay Nakhil Oujda
2026-04-28 11:44:27,792 - INFO - \U0001f4e6 Parsed card: A VENDRE APPARTEMENTS NEUFS AVEC TITRES FONCIERS
2026-04-28 11:44:27,819 - INFO - \U0001f4e6 Parsed card: Appartement en vente 65m² à Gueliz-Piscine Rooftop
2026-04-28 11:44:27,848 - INFO - \U0001f4e6 Parsed card: Appartement à vendre 149 m² à Casablanca
2026-04-28 11:44:27,933 - INFO - \U0001f4e6 Parsed card: Studio Avec Terrasse À Vendre Sur La Rte De Casa
2026-04-28 11:44:27,972 - INFO - \U0001f4e6 Parsed card: Habit immobilier met en vente un joli studio
2026-04-28 11:44:28,004 - INFO - \U0001f4e6 Parsed card: Duplex à vendre avec piscine proche Guéliz
2026-04-28 11:44:28,051 - INFO - \U0001f4e6 Parsed card: Nouveau Projet Au Centre Avec Piscine
2026-04-28 11:44:28,081 - INFO - \U0001f4e6 Parsed card: Studio neuf 41 m2 à vendre Roche Noires
2026-04-28 11:44:28,112 - INFO - \U0001f4e6 Parsed card: Appartement vue sur la gare routière sans intermédiaire
2026-04-28 11:44:28,143 - INFO - \U0001f4e6 Parsed card: Magnifique penthouse à vendre ou à louer à Wifac
2026-04-28 11:44:28,174 - INFO - \U0001f4e6 Parsed card: Bel appartement neuf à vendre à Oasis
2026-04-28 11:44:28,206 - INFO - \U0001f4e6 Parsed card: MAÂRIF JOLI APPARTEMENT 109 m² À VENDRE
2026-04-28 11:44:28,238 - INFO - \U0001f4e6 Parsed card: Appart 118 m² Étage 3 Sidi Maarouf
2026-04-28 11:44:28,271 - INFO - \U0001f4e6 Parsed card: Appartement à vendre 75 m² à Casablanca
2026-04-28 11:44:28,303 - INFO - \U0001f4e6 Parsed card: DUPLEX D'EXCEPTION Vue MER à vendre MARINA Casa
2026-04-28 11:44:28,333 - INFO - \U0001f4e6 Parsed card: Appartement à vendre 100 m² à Marrakech
2026-04-28 11:44:28,363 - INFO - \U0001f4e6 Parsed card: Bel appartement à vendre
2026-04-28 11:44:32,231 - INFO - \u27a1\ufe0f Moved to next page
2026-04-28 11:44:32,231 - INFO - \U0001f4c4 Scraping page 4
2026-04-28 11:44:33,250 - INFO - \U0001f4dc Scrolled page (1/3)
2026-04-28 11:44:34,260 - INFO - \U0001f4dc Scrolled page (2/3)
2026-04-28 11:44:35,275 - INFO - \U0001f4dc Scrolled page (3/3)
2026-04-28 11:44:35,284 - INFO - \U0001f50e Cards found: 38
2026-04-28 11:44:35,319 - INFO - \U0001f4e6 Parsed card: vente appartement moyen standing oulfa
2026-04-28 11:44:35,355 - INFO - \U0001f4e6 Parsed card: Appartement neuf à vendre 72m² aux princesses
2026-04-28 11:44:35,398 - INFO - \U0001f4e6 Parsed card: Appartement à vendre 39 m² à Marrakech
2026-04-28 11:44:35,452 - INFO - \U0001f4e6 Parsed card: Appartement à vendre 75 m² à Casablanca
2026-04-28 11:44:35,503 - INFO - \U0001f4e6 Parsed card: Appart 118 m² Étage 3 Sidi Maarouf
2026-04-28 11:44:35,533 - INFO - \U0001f4e6 Parsed card: Bel appartement neuf à vendre à Oasis
2026-04-28 11:44:35,565 - INFO - \U0001f4e6 Parsed card: Appartement vue sur la gare routière sans intermédiaire
2026-04-28 11:44:35,596 - INFO - \U0001f4e6 Parsed card: Magnifique penthouse à vendre ou à louer à Wifac
2026-04-28 11:44:35,622 - INFO - \U0001f4e6 Parsed card: DUPLEX D'EXCEPTION Vue MER à vendre MARINA Casa
2026-04-28 11:44:35,651 - INFO - \U0001f4e6 Parsed card: Appartement à vendre 100 m² à Marrakech
2026-04-28 11:44:35,683 - INFO - \U0001f4e6 Parsed card: Appartement à Assilah
2026-04-28 11:44:35,711 - INFO - \U0001f4e6 Parsed card: Vente appartement à samlalia
2026-04-28 11:44:35,748 - INFO - \U0001f4e6 Parsed card: Appartement à vendre 48m² à Gueliz - Piscine Rooftop
2026-04-28 11:44:35,797 - INFO - \U0001f4e6 Parsed card: Appartement à vendre Sable d'Or à Harhoura
2026-04-28 11:44:35,841 - INFO - \U0001f4e6 Parsed card: Appartement à vendre sur la route de Safi près de MacDo
2026-04-28 11:44:35,898 - INFO - \U0001f4e6 Parsed card: Meilleur invest Studio Neuf 62M Tram Busway Ghandi
2026-04-28 11:44:35,942 - INFO - \U0001f4e6 Parsed card: Bel appartement à vendre
2026-04-28 11:44:35,981 - INFO - \U0001f4e6 Parsed card: Appartement en vent 51m² à Gueliz-Piscine Rooftop
2026-04-28 11:44:36,024 - INFO - \U0001f4e6 Parsed card: Appartement à vendre 70 m² à Had Soualem
2026-04-28 11:44:36,064 - INFO - \U0001f4e6 Parsed card: Appartement neuf avec ascenseur et parking
2026-04-28 11:44:36,101 - INFO - \U0001f4e6 Parsed card: Appartement Spacieux Avec Finitions Premium
2026-04-28 11:44:36,132 - INFO - \U0001f4e6 Parsed card: Appartement à vendre 61 m² à Marrakech
2026-04-28 11:44:36,161 - INFO - \U0001f4e6 Parsed card: Cozy Studio Duplex Meublé À Vendre À Victor Hugo
2026-04-28 11:44:36,190 - INFO - \U0001f4e6 Parsed card: Appartement à vendre Résidence noria 2 chambres
2026-04-28 11:44:36,219 - INFO - \U0001f4e6 Parsed card: À vendre appartement quartier Kenidi
2026-04-28 11:44:36,249 - INFO - \U0001f4e6 Parsed card: Appartement à vendre 117 m² à Marrakech
2026-04-28 11:44:36,286 - INFO - \U0001f4e6 Parsed card: Projet Prestigieux avec piscine Route de Casa
2026-04-28 11:44:36,335 - INFO - \U0001f4e6 Parsed card: Studio Neuf 53m2 Balcon Clim Riviera
2026-04-28 11:44:36,379 - INFO - \U0001f4e6 Parsed card: Résidence River Palm
2026-04-28 11:44:36,417 - INFO - \U0001f4e6 Parsed card: Appartement à vendre 92 m² à El Jadida
2026-04-28 11:44:36,456 - INFO - \U0001f4e6 Parsed card: appartement meublé à vendre
2026-04-28 11:44:36,489 - INFO - \U0001f4e6 Parsed card: PALMIER JOLI STUDIO NEUF AVEC TERRASSE À VENDRE
2026-04-28 11:44:36,520 - INFO - \U0001f4e6 Parsed card: Appartement à vendre à Temara
2026-04-28 11:44:36,550 - INFO - \U0001f4e6 Parsed card: LA PERLA BLANCA -E-8 25/56952
2026-04-28 11:44:36,579 - INFO - \U0001f4e6 Parsed card: Appartement à vendre 60 m² à Marrakech
2026-04-28 11:44:36,610 - INFO - \U0001f4e6 Parsed card: Studio Neuf 42m2 Balcon Garage Maarif
2026-04-28 11:44:36,644 - INFO - \U0001f4e6 Parsed card: Appartement à vendre
2026-04-28 11:44:36,684 - INFO - \U0001f4e6 Parsed card: Résidence Prestige 2, Quartier Al-Azhar
2026-04-28 11:44:40,345 - INFO - \u27a1\ufe0f Moved to next page
2026-04-28 11:44:40,345 - INFO - \U0001f4c4 Scraping page 5
2026-04-28 11:44:41,367 - INFO - \U0001f4dc Scrolled page (1/3)
2026-04-28 11:44:42,380 - INFO - \U0001f4dc Scrolled page (2/3)
2026-04-28 11:44:43,396 - INFO - \U0001f4dc Scrolled page (3/3)
2026-04-28 11:44:43,409 - INFO - \U0001f50e Cards found: 38
2026-04-28 11:44:43,446 - INFO - \U0001f4e6 Parsed card: Appartement à vendre 83 m² à guéliz Marrakech
2026-04-28 11:44:43,509 - INFO - \U0001f4e6 Parsed card: Appartement à vendre 134 m² à Casablanca
2026-04-28 11:44:43,545 - INFO - \U0001f4e6 Parsed card: Superbe Appartement à vendre 75 m² à Marrakech
2026-04-28 11:44:43,579 - INFO - \U0001f4e6 Parsed card: Luxueux studio en vente a Gueliz pour AIRBNB
2026-04-28 11:44:43,609 - INFO - \U0001f4e6 Parsed card: Duplex moderne à vendre – 2 chambres Victor Hugo
2026-04-28 11:44:43,640 - INFO - \U0001f4e6 Parsed card: \U0001f3e0 L’EXCEPTION URBAINE Duplex 66 m² à Guéliz
2026-04-28 11:44:43,676 - INFO - \U0001f4e6 Parsed card: CMN-SI-1877 - Appartement à vendre à Bourgogne Est
2026-04-28 11:44:43,710 - INFO - \U0001f4e6 Parsed card: Appart lux 188m2 de 3ch 3sb à Gueliz
2026-04-28 11:44:43,741 - INFO - \U0001f4e6 Parsed card: Appart 76m2 près Mc Do et Marjane allal fassi
2026-04-28 11:44:43,772 - INFO - \U0001f4e6 Parsed card: Appart 78m2 avec terrasse en haut près Atacadao
2026-04-28 11:44:43,805 - INFO - \U0001f4e6 Parsed card: CMN-MA-2470 - Appartement à vendre à Les Hôpitaux
2026-04-28 11:44:43,836 - INFO - \U0001f4e6 Parsed card: Appartement à vendre 69 m² à Casablanca
2026-04-28 11:44:43,869 - INFO - \U0001f4e6 Parsed card: Appartement rénové proche gare, plage et zoo
2026-04-28 11:44:43,899 - INFO - \U0001f4e6 Parsed card: Duplex meublé au centre gueliz pour investissement
2026-04-28 11:44:43,931 - INFO - \U0001f4e6 Parsed card: appartement à vendre
2026-04-28 11:44:43,965 - INFO - \U0001f4e6 Parsed card: Appart. Haut stand. 78m2 Lot Al baraka Californie
2026-04-28 11:44:43,993 - INFO - \U0001f4e6 Parsed card: Appartement à vendre 88 m² à Mohammedia
2026-04-28 11:44:44,023 - INFO - \U0001f4e6 Parsed card: VENTE DIRECTE SUPERBES APPARTEMENTS
2026-04-28 11:44:44,052 - INFO - \U0001f4e6 Parsed card: Appartement à vendre riad Oulfa
2026-04-28 11:44:44,083 - INFO - \U0001f4e6 Parsed card: Appartement à vendre 104m² Amanar à Agadir
2026-04-28 11:44:44,110 - INFO - \U0001f4e6 Parsed card: Appartement meublé à vendre azzouzia bon état
2026-04-28 11:44:44,138 - INFO - \U0001f4e6 Parsed card: Appartement à vendre rue Royal Army
2026-04-28 11:44:44,167 - INFO - \U0001f4e6 Parsed card: Appartement 74 m², ascenseur, syndic, déclaration totale
2026-04-28 11:44:44,195 - INFO - \U0001f4e6 Parsed card: Appartement à vendre 88 m² à Dar Bouazza
2026-04-28 11:44:44,224 - INFO - \U0001f4e6 Parsed card: Appartement haut standing 138 m2 Al Maz
2026-04-28 11:44:44,252 - INFO - \U0001f4e6 Parsed card: Grand Appartement Mhamid Avenue Nakhil
2026-04-28 11:44:44,281 - INFO - \U0001f4e6 Parsed card: Appartement avec jacuzzi à vendre à Prestigia
2026-04-28 11:44:44,309 - INFO - \U0001f4e6 Parsed card: Appartement à vendre 54 m² à Casablanca
2026-04-28 11:44:44,339 - INFO - \U0001f4e6 Parsed card: Appart.H.ST 87m2 Hay.chrifa près Bd qods
2026-04-28 11:44:44,368 - INFO - \U0001f4e6 Parsed card: Appartement vue mer Anza Miftah Sahil meublé
2026-04-28 11:44:44,398 - INFO - \U0001f4e6 Parsed card: Appartement à vendre 73m² La Perle Bleue à Dakhla
2026-04-28 11:44:44,428 - INFO - \U0001f4e6 Parsed card: CMN-SI-1879 - Appartement à vendre à Ziraoui
2026-04-28 11:44:44,456 - INFO - \U0001f4e6 Parsed card: Appartement meublé 76 m ascenseur syndic sur la rue
2026-04-28 11:44:44,488 - INFO - \U0001f4e6 Parsed card: Appartement à vendre 129 m² à Casablanca
2026-04-28 11:44:44,517 - INFO - \U0001f4e6 Parsed card: Appartement à vendre 50 m² à Marrakech
2026-04-28 11:44:44,548 - INFO - \U0001f4e6 Parsed card: Appartement à vendre 123 m² à Casablanca
2026-04-28 11:44:44,579 - INFO - \U0001f4e6 Parsed card: Appartement avec terrasse 118 m², ascenseur, syndic, 3 minutes de la gare
2026-04-28 11:44:44,610 - INFO - \U0001f4e6 Parsed card: Appartement à vendre au quatrième étage, excellent emplacement
2026-04-28 11:44:49,345 - INFO - \u27a1\ufe0f Moved to next page
2026-04-28 11:44:49,345 - INFO - \U0001f4c4 Scraping page 6
2026-04-28 11:44:50,378 - INFO - \U0001f4dc Scrolled page (1/3)
2026-04-28 11:44:51,393 - INFO - \U0001f4dc Scrolled page (2/3)
2026-04-28 11:44:52,407 - INFO - \U0001f4dc Scrolled page (3/3)
2026-04-28 11:44:52,416 - INFO - \U0001f50e Cards found: 38
2026-04-28 11:44:52,450 - INFO - \U0001f4e6 Parsed card: Appartement à vendre 78 m² à Tanger
2026-04-28 11:44:52,506 - INFO - \U0001f4e6 Parsed card: Appartement à vendre 129 m² à Casablanca
2026-04-28 11:44:52,548 - INFO - \U0001f4e6 Parsed card: Appartement 200m² haut standing – Moulay Abdelaziz
2026-04-28 11:44:52,584 - INFO - \U0001f4e6 Parsed card: Appartement 4 pièces 2 salles de bain ascenseur syndic sur la rue
2026-04-28 11:44:52,637 - INFO - \U0001f4e6 Parsed card: Appartement Massira 1 Ahbass 4ème étage
2026-04-28 11:44:52,671 - INFO - \U0001f4e6 Parsed card: Appartement 2 terrasses 196 m ascenseur syndic déclaration totale
2026-04-28 11:44:52,704 - INFO - \U0001f4e6 Parsed card: Appartement à vendre 165 m² à Casablanca
2026-04-28 11:44:52,732 - INFO - \U0001f4e6 Parsed card: Appartement à vendre à Kénitra
2026-04-28 11:44:52,761 - INFO - \U0001f4e6 Parsed card: Appartement à vendre105m²Les Jardins de la Coupole
2026-04-28 11:44:52,790 - INFO - \U0001f4e6 Parsed card: Appartement à vendre 95 m² à Marrakech
2026-04-28 11:44:52,819 - INFO - \U0001f4e6 Parsed card: Appartement à vendre 95 m² à Marrakech palmeraie
2026-04-28 11:44:52,848 - INFO - \U0001f4e6 Parsed card: Appartement 140m² à Vendre -Quartier Administratif
2026-04-28 11:44:52,878 - INFO - \U0001f4e6 Parsed card: Appartement Ensoleillé à vendre 50 m² à Tamensourt
2026-04-28 11:44:52,908 - INFO - \U0001f4e6 Parsed card: CMN-MA-1866 - Appartement à vendre à Les princesses
2026-04-28 11:44:52,935 - INFO - \U0001f4e6 Parsed card: Appartement de 110 m² à vendre à Castilla – Tanger
2026-04-28 11:44:52,965 - INFO - \U0001f4e6 Parsed card: Appartement à vendre 136 m² à Marrakech
2026-04-28 11:44:52,993 - INFO - \U0001f4e6 Parsed card: Superbe studio 56 m² à saisir à Marrakech
2026-04-28 11:44:53,019 - INFO - \U0001f4e6 Parsed card: Appartement 3 chambres à Oued Aliane - 2 façades
2026-04-28 11:44:53,047 - INFO - \U0001f4e6 Parsed card: Appartement neuf et moderne sur la corniche
2026-04-28 11:44:53,075 - INFO - \U0001f4e6 Parsed card: Appartement à vendre 76 m² à Marrakech
2026-04-28 11:44:53,101 - INFO - \U0001f4e6 Parsed card: Spacieux Appartement 2 Chambres à la Vente Guéliz
2026-04-28 11:44:53,130 - INFO - \U0001f4e6 Parsed card: Appartement à vendre 126 m² à ain ktiouit Tanger
2026-04-28 11:44:53,157 - INFO - \U0001f4e6 Parsed card: Appartement excellent 64 mètres avec soutien financier
2026-04-28 11:44:53,182 - INFO - \U0001f4e6 Parsed card: CMN-AC-2017 - Appartement à vendre à Californie
2026-04-28 11:44:53,211 - INFO - \U0001f4e6 Parsed card: Studio de 59m² à vendre à Ain Sebaa
2026-04-28 11:44:53,242 - INFO - \U0001f4e6 Parsed card: Bel appartement en vente bd 2 mars
2026-04-28 11:44:53,268 - INFO - \U0001f4e6 Parsed card: A vendre appartement de 78 m2 avec balcon
2026-04-28 11:44:53,295 - INFO - \U0001f4e6 Parsed card: Très beau 3ch au Maarif Extension
2026-04-28 11:44:53,320 - INFO - \U0001f4e6 Parsed card: Duplex vue piscine et mer Taghazout Bay Taourt
2026-04-28 11:44:53,346 - INFO - \U0001f4e6 Parsed card: Appartement à vendre 100 m² à Essaouira
2026-04-28 11:44:53,372 - INFO - \U0001f4e6 Parsed card: CMN-SI-1881 - Appartement à vendre à Bourgogne Est
2026-04-28 11:44:53,399 - INFO - \U0001f4e6 Parsed card: BEN-MA-1118 - Appartement à vendre à Mansouria-B...
2026-04-28 11:44:53,425 - INFO - \U0001f4e6 Parsed card: Opportunité rare à Izdihar, Appartement à vendre
2026-04-28 11:44:53,452 - INFO - \U0001f4e6 Parsed card: Appartement 2 chambres à vendre - Sbata Ben M'sik
2026-04-28 11:44:53,484 - INFO - \U0001f4e6 Parsed card: Appartement en vente ain borja
2026-04-28 11:44:53,511 - INFO - \U0001f4e6 Parsed card: Appartement à vendre 52 m² à Casablanca
2026-04-28 11:44:53,539 - INFO - \U0001f4e6 Parsed card: Appartement neuf enregistré conservé Médina Errahma
2026-04-28 11:44:53,565 - INFO - \U0001f4e6 Parsed card: beau duplex en vente ain borja
2026-04-28 11:44:56,714 - INFO - \u27a1\ufe0f Moved to next page
2026-04-28 11:44:56,714 - INFO - \U0001f4c4 Scraping page 7
2026-04-28 11:44:57,727 - INFO - \U0001f4dc Scrolled page (1/3)
2026-04-28 11:44:58,736 - INFO - \U0001f4dc Scrolled page (2/3)
2026-04-28 11:44:59,747 - INFO - \U0001f4dc Scrolled page (3/3)
2026-04-28 11:44:59,754 - INFO - \U0001f50e Cards found: 38
2026-04-28 11:44:59,791 - INFO - \U0001f4e6 Parsed card: Appartement à vendre 133 m² sur 2 mars
2026-04-28 11:44:59,823 - INFO - \U0001f4e6 Parsed card: Appartement à vendre 140 m² à la marina casablanca
2026-04-28 11:44:59,877 - INFO - \U0001f4e6 Parsed card: Duplex vue piscine et mer Taghazout Bay Taourt
2026-04-28 11:44:59,915 - INFO - \U0001f4e6 Parsed card: CMN-HA-1848 - Appartement à vendre à Lissasfa
2026-04-28 11:44:59,951 - INFO - \U0001f4e6 Parsed card: Appartement de luxe à vendre à Marina golf Asilah
2026-04-28 11:44:59,982 - INFO - \U0001f4e6 Parsed card: Appartement Mers Sultan 139 m² à Casablanca
2026-04-28 11:45:00,010 - INFO - \U0001f4e6 Parsed card: Appartement à Vendre 120 m² à Casablanca/A
2026-04-28 11:45:00,039 - INFO - \U0001f4e6 Parsed card: Grand appartement à vendre à Hay Riad
2026-04-28 11:45:00,067 - INFO - \U0001f4e6 Parsed card: Bel appartement en vente al fida
2026-04-28 11:45:00,095 - INFO - \U0001f4e6 Parsed card: Appartement à vendre 68 m² au maarif
2026-04-28 11:45:00,123 - INFO - \U0001f4e6 Parsed card: bel appartement en vente ain borja
2026-04-28 11:45:00,151 - INFO - \U0001f4e6 Parsed card: Appartement à vendre 90 m² centre ville Fès
2026-04-28 11:45:00,178 - INFO - \U0001f4e6 Parsed card: Appartement à vendre 59 m² à Ain Sebaa
2026-04-28 11:45:00,206 - INFO - \U0001f4e6 Parsed card: Bel appartement vente belvedere
2026-04-28 11:45:00,233 - INFO - \U0001f4e6 Parsed card: Bel appartement vente quartier des hôpitaux
2026-04-28 11:45:00,261 - INFO - \U0001f4e6 Parsed card: Grand bel appartement en vente Casablanca
2026-04-28 11:45:00,287 - INFO - \U0001f4e6 Parsed card: Bel appartement de 73m² à Ain Sebaa
2026-04-28 11:45:00,316 - INFO - \U0001f4e6 Parsed card: Appartement 110 m² à Casablanca
2026-04-28 11:45:00,342 - INFO - \U0001f4e6 Parsed card: CMN-AC-1971 - Appartement à vendre à Sidi Maarouf
2026-04-28 11:45:00,368 - INFO - \U0001f4e6 Parsed card: Appartement à vendre de 78 m2 avec balcon
2026-04-28 11:45:00,393 - INFO - \U0001f4e6 Parsed card: CMN-MA-2404 - Appartement à vendre à Les princesses
2026-04-28 11:45:00,419 - INFO - \U0001f4e6 Parsed card: CMN-HA-1920 - Appartement à vendre à Oulfa
2026-04-28 11:45:00,444 - INFO - \U0001f4e6 Parsed card: bel appartement en vente 3 chambres 1 salon
2026-04-28 11:45:00,470 - INFO - \U0001f4e6 Parsed card: Grand appartement en vente à Ain Borja
2026-04-28 11:45:00,496 - INFO - \U0001f4e6 Parsed card: CMN-MA-1139 - Appartement à vendre à Val Fleurie
2026-04-28 11:45:00,522 - INFO - \U0001f4e6 Parsed card: Grand appartement en vente Ain Borja
2026-04-28 11:45:00,546 - INFO - \U0001f4e6 Parsed card: Beau studio en vente bd Anfa
2026-04-28 11:45:00,571 - INFO - \U0001f4e6 Parsed card: Bel appartement à vendre près du quartier Al Qods Bernoussi
2026-04-28 11:45:00,596 - INFO - \U0001f4e6 Parsed card: BIENVENUE À ALESIA
2026-04-28 11:45:00,621 - INFO - \U0001f4e6 Parsed card: RBA-YA-1053 - Appartement à vendre à Hay El Menzah
2026-04-28 11:45:00,647 - INFO - \U0001f4e6 Parsed card: Complexe Al Nour Tanger
2026-04-28 11:45:00,672 - INFO - \U0001f4e6 Parsed card: Très bel appartement 3Ch pieds sans l'eau
2026-04-28 11:45:00,696 - INFO - \U0001f4e6 Parsed card: Appartement à vendre 100 m² à Tanger
2026-04-28 11:45:00,720 - INFO - \U0001f4e6 Parsed card: Appartement à vendre à Ahla
2026-04-28 11:45:00,754 - INFO - \U0001f4e6 Parsed card: Appartement ensoleillé et spacieux
2026-04-28 11:45:00,785 - INFO - \U0001f4e6 Parsed card: Appartement trois chambres salon
2026-04-28 11:45:00,814 - INFO - \U0001f4e6 Parsed card: Appart à vendre 76 m² (Rez Chaussée) à Bouznika
2026-04-28 11:45:00,841 - INFO - \U0001f4e6 Parsed card: Appart à vendre 72 m² Izdihar Marrakech
2026-04-28 11:45:03,690 - INFO - \u27a1\ufe0f Moved to next page
2026-04-28 11:45:03,690 - INFO - \U0001f4c4 Scraping page 8
2026-04-28 11:45:04,707 - INFO - \U0001f4dc Scrolled page (1/3)
2026-04-28 11:45:05,719 - INFO - \U0001f4dc Scrolled page (2/3)
2026-04-28 11:45:06,725 - INFO - \U0001f4dc Scrolled page (3/3)
2026-04-28 11:45:06,739 - INFO - \U0001f50e Cards found: 38
2026-04-28 11:45:06,769 - INFO - \U0001f4e6 Parsed card: Appartement 67 m² à BOUSKOURA prix imbattable
2026-04-28 11:45:06,824 - INFO - \U0001f4e6 Parsed card: Appartement à vendre 140 m² à PRESTIGIA
2026-04-28 11:45:06,862 - INFO - \U0001f4e6 Parsed card: Appartement à vendre 147 m² à Bd Fouaratte Casa.
2026-04-28 11:45:06,897 - INFO - \U0001f4e6 Parsed card: Excellent Appartements à vendre
2026-04-28 11:45:06,925 - INFO - \U0001f4e6 Parsed card: À vendre studio avec terrasse
2026-04-28 11:45:06,952 - INFO - \U0001f4e6 Parsed card: Appartement à vendre 67 m² à Asilah
2026-04-28 11:45:06,976 - INFO - \U0001f4e6 Parsed card: Appartement excellent à vendre à Haye Militaire, El Bustan, Meknes
2026-04-28 11:45:07,005 - INFO - \U0001f4e6 Parsed card: Appartement à vendre 64 m² à Tanger
2026-04-28 11:45:07,033 - INFO - \U0001f4e6 Parsed card: TNG-TA-1129 - Appartement à vendre à Msala
2026-04-28 11:45:07,061 - INFO - \U0001f4e6 Parsed card: Appartement au 4ème étage avec ascenseur à la résidence Jawharat Al Atlas
2026-04-28 11:45:07,089 - INFO - \U0001f4e6 Parsed card: Appartement luxueux à vendre au cœur de Tanger
2026-04-28 11:45:07,117 - INFO - \U0001f4e6 Parsed card: Appartement à vendre 174m2 à Mers Sultan
2026-04-28 11:45:07,144 - INFO - \U0001f4e6 Parsed card: Investissement rentable à 5 min de Gueliz.
2026-04-28 11:45:07,170 - INFO - \U0001f4e6 Parsed card: Appartement à vendre à Azib Haj Kaddour
2026-04-28 11:45:07,199 - INFO - \U0001f4e6 Parsed card: Appartement à vendre 120 m² à Guich des Oudayas
2026-04-28 11:45:07,226 - INFO - \U0001f4e6 Parsed card: Diar Alfath Lot 10 Taje 1
2026-04-28 11:45:07,255 - INFO - \U0001f4e6 Parsed card: Appartements à vendre près du café Russie
2026-04-28 11:45:07,280 - INFO - \U0001f4e6 Parsed card: Appartements de qualité à vendre
2026-04-28 11:45:07,306 - INFO - \U0001f4e6 Parsed card: Appartement à vendre
2026-04-28 11:45:07,332 - INFO - \U0001f4e6 Parsed card: Appartement de haut standing
2026-04-28 11:45:07,357 - INFO - \U0001f4e6 Parsed card: Bel Appartement dans la résidence Jardins Souss
2026-04-28 11:45:07,383 - INFO - \U0001f4e6 Parsed card: Appartement à vendre 70 m² à Essaouira
2026-04-28 11:45:07,408 - INFO - \U0001f4e6 Parsed card: Appartement sur R plus 2
2026-04-28 11:45:07,435 - INFO - \U0001f4e6 Parsed card: Bel appartement à vendre calme proche de tout
2026-04-28 11:45:07,467 - INFO - \U0001f4e6 Parsed card: Appartements Excellent a vendre
2026-04-28 11:45:07,492 - INFO - \U0001f4e6 Parsed card: Appartement à vendre 99 m² à Casablanca
2026-04-28 11:45:07,517 - INFO - \U0001f4e6 Parsed card: Studio à vendre à Palmier
2026-04-28 11:45:07,544 - INFO - \U0001f4e6 Parsed card: Appartement à vendre 122m² Casablanca Mers sultan
2026-04-28 11:45:07,569 - INFO - \U0001f4e6 Parsed card: Un appartement
2026-04-28 11:45:07,595 - INFO - \U0001f4e6 Parsed card: Appartement à Al Qods Bernoussi
2026-04-28 11:45:07,619 - INFO - \U0001f4e6 Parsed card: Appartement à vendre 64 m² à Casablanca
2026-04-28 11:45:07,644 - INFO - \U0001f4e6 Parsed card: Appartement à vendre 51 m² à Casablanca
2026-04-28 11:45:07,668 - INFO - \U0001f4e6 Parsed card: Bel appartement terrasse à Essaouira
2026-04-28 11:45:07,692 - INFO - \U0001f4e6 Parsed card: Appartements à vendre à Harhoura Valdor
2026-04-28 11:45:07,719 - INFO - \U0001f4e6 Parsed card: Appartement à vendre 50 m² à Casablanca
2026-04-28 11:45:07,748 - INFO - \U0001f4e6 Parsed card: Appartement à vendre 50 m² à Casablanca
2026-04-28 11:45:07,773 - INFO - \U0001f4e6 Parsed card: Appartement "Soumi Vini" dans un quartier chic près de la mosquée et sans intérêt
2026-04-28 11:45:07,798 - INFO - \U0001f4e6 Parsed card: Triplex de 200m² à 200m avenue ibn badis
2026-04-28 11:45:10,848 - INFO - \u27a1\ufe0f Moved to next page
2026-04-28 11:45:10,848 - INFO - \U0001f4c4 Scraping page 9
2026-04-28 11:45:11,868 - INFO - \U0001f4dc Scrolled page (1/3)
2026-04-28 11:45:12,873 - INFO - \U0001f4dc Scrolled page (2/3)
2026-04-28 11:45:13,891 - INFO - \U0001f4dc Scrolled page (3/3)
2026-04-28 11:45:13,904 - INFO - \U0001f50e Cards found: 38
2026-04-28 11:45:13,935 - INFO - \U0001f4e6 Parsed card: Appartement bénéficiant de l'aide de l'état
2026-04-28 11:45:13,966 - INFO - \U0001f4e6 Parsed card: Projet neuf – Studios Haut Standing à 5 min de CFC
2026-04-28 11:45:13,995 - INFO - \U0001f4e6 Parsed card: Appartement à vendre 83 m² à guéliz Marrakech
2026-04-28 11:45:14,024 - INFO - \U0001f4e6 Parsed card: Appartement Mansour Tadamon
2026-04-28 11:45:14,052 - INFO - \U0001f4e6 Parsed card: Appartement à vendre 92 m² à boustane El Jadida
2026-04-28 11:45:14,082 - INFO - \U0001f4e6 Parsed card: Studio de Luxe Meublé à vendre
2026-04-28 11:45:14,110 - INFO - \U0001f4e6 Parsed card: Appartement spacieux 107 m² 3 chambres
2026-04-28 11:45:14,136 - INFO - \U0001f4e6 Parsed card: Appartement à vendre Iberia
2026-04-28 11:45:14,164 - INFO - \U0001f4e6 Parsed card: APPARTEMENT À VENDRE AV HASSAN 2
2026-04-28 11:45:14,191 - INFO - \U0001f4e6 Parsed card: Appartement à vendre
2026-04-28 11:45:14,296 - INFO - \U0001f4e6 Parsed card: Appartement à vendre 171 m² EL MENEZEH
2026-04-28 11:45:14,337 - INFO - \U0001f4e6 Parsed card: Appartement à vendre
2026-04-28 11:45:14,367 - INFO - \U0001f4e6 Parsed card: Superbe appartement à vendre, premier étage, 290 000 dirhams
2026-04-28 11:45:14,395 - INFO - \U0001f4e6 Parsed card: Appartement à vendre 75 m² à Essaouira
2026-04-28 11:45:14,424 - INFO - \U0001f4e6 Parsed card: Appartement À vendre à Témara Wifak 87m²
2026-04-28 11:45:14,452 - INFO - \U0001f4e6 Parsed card: Appartement à vendre 5 minutes de Hay Riad
2026-04-28 11:45:14,480 - INFO - \U0001f4e6 Parsed card: Appartement à vendre 140 m² à Bouznika
2026-04-28 11:45:14,507 - INFO - \U0001f4e6 Parsed card: Appartement à vendre 76 m² à Sidi Rahal
2026-04-28 11:45:14,535 - INFO - \U0001f4e6 Parsed card: Appt 92m2 ensoleillé sur Wafa
2026-04-28 11:45:14,561 - INFO - \U0001f4e6 Parsed card: APPARTEMENT À VENDRE À ABWAB GUELIZ
2026-04-28 11:45:14,588 - INFO - \U0001f4e6 Parsed card: Appartement à vendre 233 m² à Rabat
2026-04-28 11:45:14,613 - INFO - \U0001f4e6 Parsed card: Appartement neuf à vendre 136 m² à Harhoura Valdor
2026-04-28 11:45:14,644 - INFO - \U0001f4e6 Parsed card: Appartement à vendre 199 m² à Boulevard Zerktouni
2026-04-28 11:45:14,672 - INFO - \U0001f4e6 Parsed card: APPARTEMENT À VENDRE AU CŒUR DE GUELIZ
2026-04-28 11:45:14,699 - INFO - \U0001f4e6 Parsed card: Appartement à vendre
2026-04-28 11:45:14,727 - INFO - \U0001f4e6 Parsed card: Magnifique appartement meublé front de mer
2026-04-28 11:45:14,754 - INFO - \U0001f4e6 Parsed card: Appartement à vendre
2026-04-28 11:45:14,790 - INFO - \U0001f4e6 Parsed card: Tayssir Dhouha Kénitra
2026-04-28 11:45:14,823 - INFO - \U0001f4e6 Parsed card: Appartement à vendre 75 m² à Agadir
2026-04-28 11:45:14,857 - INFO - \U0001f4e6 Parsed card: Appt 2 ch double salon à vendre à Borgogne ouest
2026-04-28 11:45:14,882 - INFO - \U0001f4e6 Parsed card: Appartement à vendre, premier étage à Abwab Marrakech
2026-04-28 11:45:14,908 - INFO - \U0001f4e6 Parsed card: Appartement à vendre 70 m² au Vizir Center à Marrakech
2026-04-28 11:45:14,932 - INFO - \U0001f4e6 Parsed card: Appartements de qualité à vendre à Ain Atiq
2026-04-28 11:45:14,957 - INFO - \U0001f4e6 Parsed card: Appartement d’exception front mer- Tamaris Premium
2026-04-28 11:45:14,983 - INFO - \U0001f4e6 Parsed card: Appartement à vendre 83 m² à Ain sebaa
2026-04-28 11:45:15,008 - INFO - \U0001f4e6 Parsed card: Appartement à vendre 79m² à Ain Sebaa
2026-04-28 11:45:15,034 - INFO - \U0001f4e6 Parsed card: Appartement de luxe à vendre vue mer
2026-04-28 11:45:15,059 - INFO - \U0001f4e6 Parsed card: Appartement à vendre 140 m² la marina Casablanca
2026-04-28 11:45:18,239 - INFO - \u27a1\ufe0f Moved to next page
2026-04-28 11:45:18,239 - INFO - \U0001f4c4 Scraping page 10
2026-04-28 11:45:19,260 - INFO - \U0001f4dc Scrolled page (1/3)
2026-04-28 11:45:20,269 - INFO - \U0001f4dc Scrolled page (2/3)
2026-04-28 11:45:21,288 - INFO - \U0001f4dc Scrolled page (3/3)
2026-04-28 11:45:21,302 - INFO - \U0001f50e Cards found: 38
2026-04-28 11:45:21,335 - INFO - \U0001f4e6 Parsed card: Appartement à vendre 90 m² à Mohammedia
2026-04-28 11:45:21,366 - INFO - \U0001f4e6 Parsed card: Appartement à vendre 154 m² à Marrakech
2026-04-28 11:45:21,402 - INFO - \U0001f4e6 Parsed card: Appartement à vendre – Beauséjour
2026-04-28 11:45:21,435 - INFO - \U0001f4e6 Parsed card: Appartement en face Zone Villa
2026-04-28 11:45:21,467 - INFO - \U0001f4e6 Parsed card: Appartements de luxe à vendre avec vue sur mer
2026-04-28 11:45:21,496 - INFO - \U0001f4e6 Parsed card: APPARTEMENT RÉSIDENCE TAOUIRT TAGHAZOUT BAY
2026-04-28 11:45:21,524 - INFO - \U0001f4e6 Parsed card: Appartement à vendre 61 m² à Meknès
2026-04-28 11:45:21,554 - INFO - \U0001f4e6 Parsed card: appartement à Bahia Golf beach
2026-04-28 11:45:21,582 - INFO - \U0001f4e6 Parsed card: Appartement 2 chambres à vendre à Oulfa
2026-04-28 11:45:21,610 - INFO - \U0001f4e6 Parsed card: appartement meublé
2026-04-28 11:45:21,636 - INFO - \U0001f4e6 Parsed card: Appartement à louer 60 m² à Casablanca
2026-04-28 11:45:21,663 - INFO - \U0001f4e6 Parsed card: Appartement R+2//hawtta
2026-04-28 11:45:21,690 - INFO - \U0001f4e6 Parsed card: Appartement à vendre, 2 Mars Casablanca
2026-04-28 11:45:21,718 - INFO - \U0001f4e6 Parsed card: Appartement à vendre 82 m² à Kénitra
2026-04-28 11:45:21,745 - INFO - \U0001f4e6 Parsed card: Appartement de Luxe 270 m²–Hay Riad Rabat
2026-04-28 11:45:21,777 - INFO - \U0001f4e6 Parsed card: Appartements à vendre 137 m² à Marrakech
2026-04-28 11:45:21,805 - INFO - \U0001f4e6 Parsed card: Appartement RDC meublé 60m² Route de Guemassa
2026-04-28 11:45:21,831 - INFO - \U0001f4e6 Parsed card: Appartement à Bouznika
2026-04-28 11:45:21,859 - INFO - \U0001f4e6 Parsed card: Appartement à vendre 256 m² à Tanger
2026-04-28 11:45:21,885 - INFO - \U0001f4e6 Parsed card: Appartement Avec Terrasse à vendre à Tamraght
2026-04-28 11:45:21,910 - INFO - \U0001f4e6 Parsed card: Appartement à vendre à Settat, prix 28 millions
2026-04-28 11:45:21,936 - INFO - \U0001f4e6 Parsed card: Appartement à vendre 120 m² à Tanger
2026-04-28 11:45:21,963 - INFO - \U0001f4e6 Parsed card: Appartement à vendre 84 m² à Meknès
2026-04-28 11:45:21,988 - INFO - \U0001f4e6 Parsed card: Appartement de 73 mètres dans un immeuble de seulement 6 appartements
2026-04-28 11:45:22,013 - INFO - \U0001f4e6 Parsed card: Appartement à vendre 70 m² à Tanger
2026-04-28 11:45:22,039 - INFO - \U0001f4e6 Parsed card: Appartement à vendre 176 m² à Tanger
2026-04-28 11:45:22,065 - INFO - \U0001f4e6 Parsed card: À vendre appartement de luxe à malabata hills
2026-04-28 11:45:22,091 - INFO - \U0001f4e6 Parsed card: Appartement à vendre 68 m² à Kénitra
2026-04-28 11:45:22,116 - INFO - \U0001f4e6 Parsed card: Appartement au premier étage, résidence Saada
2026-04-28 11:45:22,142 - INFO - \U0001f4e6 Parsed card: En face des Forces Auxiliaires
2026-04-28 11:45:22,167 - INFO - \U0001f4e6 Parsed card: Appartement à vendre 90 m² à Casablanca
2026-04-28 11:45:22,198 - INFO - \U0001f4e6 Parsed card: Appartement à vendre résidence Halima 1 38 millions
2026-04-28 11:45:22,229 - INFO - \U0001f4e6 Parsed card: Appartement à vendre 95 m² à Kénitra
2026-04-28 11:45:22,262 - INFO - \U0001f4e6 Parsed card: Appartement à vendre 70 m² à Kénitra
2026-04-28 11:45:22,301 - INFO - \U0001f4e6 Parsed card: Appartement à vendre 90 m² à Kénitra
2026-04-28 11:45:22,335 - INFO - \U0001f4e6 Parsed card: Appartement à vendre 90 m² à Kénitra
2026-04-28 11:45:22,371 - INFO - \U0001f4e6 Parsed card: Appartement à vendre 94 m² à Kénitra
2026-04-28 11:45:22,406 - INFO - \U0001f4e6 Parsed card: Appartement à vendre 80 m² à Kénitra
2026-04-28 11:45:26,165 - INFO - \u27a1\ufe0f Moved to next page
2026-04-28 11:45:28,391 - INFO - \U0001f4be Data saved to staging\row_data.csv
2026-04-28 11:45:28,391 - INFO - \U0001f3c1 Scraping finished successfully
2026-04-28 11:46:11,135 - INFO - \U0001f680 Scraping script started
2026-04-28 11:46:13,609 - INFO - \U0001f310 Chrome opened Avito page
2026-04-28 11:46:13,609 - INFO - \U0001f4c4 Scraping page 1
2026-04-28 11:46:14,616 - INFO - \U0001f4dc Scrolled page (1/3)
2026-04-28 11:46:15,621 - INFO - \U0001f4dc Scrolled page (2/3)
2026-04-28 11:46:16,624 - INFO - \U0001f4dc Scrolled page (3/3)
2026-04-28 11:46:16,639 - INFO - \U0001f50e Cards found: 0
2026-04-28 11:46:16,646 - WARNING - \u26a0\ufe0f Next page failed: list index out of range
2026-04-28 11:46:16,646 - INFO - \U0001f3c1 No more pages - stopping
2026-04-28 11:46:18,771 - INFO - \U0001f4be Data saved to staging\row_data.csv
2026-04-28 11:46:18,772 - INFO - \U0001f3c1 Scraping finished successfully
2026-04-28 11:46:57,222 - INFO - \U0001f680 Scraping script started
2026-04-28 11:46:59,156 - INFO - \U0001f310 Chrome opened Avito page
2026-04-28 11:46:59,156 - INFO - \U0001f4c4 Scraping page 1
2026-04-28 11:47:00,205 - INFO - \U0001f4dc Scrolled page (1/3)
2026-04-28 11:47:01,257 - INFO - \U0001f4dc Scrolled page (2/3)
2026-04-28 11:47:02,281 - INFO - \U0001f4dc Scrolled page (3/3)
2026-04-28 11:47:02,317 - INFO - \U0001f50e Cards found: 38
2026-04-28 11:47:02,358 - INFO - \U0001f4e6 Parsed card: Super Appartement Vue sur Mer à Dar Bouazza
2026-04-28 11:47:02,388 - INFO - \U0001f4e6 Parsed card: Projet neuf – Studios Haut Standing à 5 min de CFC
2026-04-28 11:47:02,418 - INFO - \U0001f4e6 Parsed card: Appartement à vendre 154 m² à Marrakech
2026-04-28 11:47:02,446 - INFO - \U0001f4e6 Parsed card: Appartement 3 Chambre vente à Quartier CFC
2026-04-28 11:47:02,476 - INFO - \U0001f4e6 Parsed card: Appartement à vendre 111 m² à Marrakech
2026-04-28 11:47:02,506 - INFO - \U0001f4e6 Parsed card: BEN-MA-1119 - Appartement à vendre à Mansouria-B...
2026-04-28 11:47:02,537 - INFO - \U0001f4e6 Parsed card: CMN-ME-1691 - Appartement à vendre à 2 Mars
2026-04-28 11:47:02,567 - INFO - \U0001f4e6 Parsed card: Appartements 118m Haut Standing Maarif Ex
2026-04-28 11:47:02,596 - INFO - \U0001f4e6 Parsed card: À vendre un bel appartement
2026-04-28 11:47:02,624 - INFO - \U0001f4e6 Parsed card: Appartement à vendre deux façades
2026-04-28 11:47:02,656 - INFO - \U0001f4e6 Parsed card: Superbe Appartement de 90m² - 880000dhs
2026-04-28 11:47:02,683 - INFO - \U0001f4e6 Parsed card: Studio idéal pour investissement 47m²
2026-04-28 11:47:02,710 - INFO - \U0001f4e6 Parsed card: Studio à vendre 33m² à Palmier
2026-04-28 11:47:02,739 - INFO - \U0001f4e6 Parsed card: CMN-MA-2450 - Appartement à vendre à Bd Anoual
2026-04-28 11:47:02,768 - INFO - \U0001f4e6 Parsed card: Appartement à vendre 100 m² à Marrakech
2026-04-28 11:47:02,796 - INFO - \U0001f4e6 Parsed card: Immeuble Haut standing à Yacoub Mansour
2026-04-28 11:47:02,821 - INFO - \U0001f4e6 Parsed card: Studio 49m Neuf Proche Tram Anoual
2026-04-28 11:47:02,858 - INFO - \U0001f4e6 Parsed card: À VENDRE 162M² BD ROUDANI – MAÂRIF
2026-04-28 11:47:02,885 - INFO - \U0001f4e6 Parsed card: Appart 105m A Résidence Casa Park Sidi Maarouf
2026-04-28 11:47:02,910 - INFO - \U0001f4e6 Parsed card: Appartement vue sur mer à vendre à Asilah
2026-04-28 11:47:02,936 - INFO - \U0001f4e6 Parsed card: Appartement 74 m² à ALMAZ
2026-04-28 11:47:02,970 - INFO - \U0001f4e6 Parsed card: Duplex Avec Cour Spacieuse En Résidence Fermée
2026-04-28 11:47:03,019 - INFO - \U0001f4e6 Parsed card: Appartement R plus deux // près de la faculté
2026-04-28 11:47:03,061 - INFO - \U0001f4e6 Parsed card: Appartement à vendre 154 m² à Rabat
2026-04-28 11:47:03,091 - INFO - \U0001f4e6 Parsed card: Appartement 3 ch bien situé
2026-04-28 11:47:03,124 - INFO - \U0001f4e6 Parsed card: Bel Appartement Moderne Aux Palmeraies À Vendre
2026-04-28 11:47:03,153 - INFO - \U0001f4e6 Parsed card: CMN-MA-2188 - Appartement à vendre à Racine
2026-04-28 11:47:03,180 - INFO - \U0001f4e6 Parsed card: Appartement 112 mètres, 3 façades avec soutien
2026-04-28 11:47:03,208 - INFO - \U0001f4e6 Parsed card: CMN-AN-1884 - Appartement à vendre à Bourgogne
2026-04-28 11:47:03,234 - INFO - \U0001f4e6 Parsed card: Appart 68m Maarif Ex Près Carrefour Yacoub
2026-04-28 11:47:03,275 - INFO - \U0001f4e6 Parsed card: CMN-ME-1690 - Appartement à vendre à 2 Mars
2026-04-28 11:47:03,300 - INFO - \U0001f4e6 Parsed card: Appartement à vendre
2026-04-28 11:47:03,326 - INFO - \U0001f4e6 Parsed card: Vente Urgente Appartement Économique AinChock Lamkansa4
2026-04-28 11:47:03,352 - INFO - \U0001f4e6 Parsed card: Appartement à Mohammedia au quartier du Parc
2026-04-28 11:47:03,379 - INFO - \U0001f4e6 Parsed card: DES Appartements de 109 m² à Victoria - BOUSKOURA
2026-04-28 11:47:03,404 - INFO - \U0001f4e6 Parsed card: Excellent appartement à vendre de 100m² dans le quartier Moulay Abdellah
2026-04-28 11:47:03,430 - INFO - \U0001f4e6 Parsed card: \U0001f48e L'OPPORTUNITÉ GUÉLIZ-SEMLALIA 57 m²
2026-04-28 11:47:03,456 - INFO - \U0001f4e6 Parsed card: Lancement projets appartements près Mahatta Jadida
2026-04-28 11:47:08,238 - INFO - \u27a1\ufe0f Moved to next page
2026-04-28 11:47:08,238 - INFO - \U0001f4c4 Scraping page 2
2026-04-28 11:47:09,253 - INFO - \U0001f4dc Scrolled page (1/3)
2026-04-28 11:47:10,266 - INFO - \U0001f4dc Scrolled page (2/3)
2026-04-28 11:47:11,313 - INFO - \U0001f4dc Scrolled page (3/3)
2026-04-28 11:47:11,325 - INFO - \U0001f50e Cards found: 38
2026-04-28 11:47:11,366 - INFO - \U0001f4e6 Parsed card: Appt 3 ch salon à vendre à Val Fleuri
2026-04-28 11:47:11,400 - INFO - \U0001f4e6 Parsed card: Appartement à vendre 115 m² à Temara
2026-04-28 11:47:11,433 - INFO - \U0001f4e6 Parsed card: Appartement 2 ch salon balcon Martil 45m² 4ème étage
2026-04-28 11:47:11,461 - INFO - \U0001f4e6 Parsed card: 3 Chambres à vendre 112 m² à Californie
2026-04-28 11:47:11,492 - INFO - \U0001f4e6 Parsed card: CMN-AC-2063 - Appartement à vendre à Sidi Maarouf
2026-04-28 11:47:11,523 - INFO - \U0001f4e6 Parsed card: 2 Appartements moyen standing à vendre – Benguerir
2026-04-28 11:47:11,551 - INFO - \U0001f4e6 Parsed card: Appartement à vendre 90 m² Limoune à Ouled Teïma
2026-04-28 11:47:11,580 - INFO - \U0001f4e6 Parsed card: CMN-HA-1859 - Appartement à vendre à Beauséjour
2026-04-28 11:47:11,609 - INFO - \U0001f4e6 Parsed card: Appt 3 ch salon à vendre à Val Fleuri
2026-04-28 11:47:11,642 - INFO - \U0001f4e6 Parsed card: Offre d'appartement à vendre entre la route de Rabat et Kzennaya
2026-04-28 11:47:11,675 - INFO - \U0001f4e6 Parsed card: Appartement meublé 3 chambres à vendre Tanger
2026-04-28 11:47:11,715 - INFO - \U0001f4e6 Parsed card: 3 Chambres à vendre 143 m² à Californie
2026-04-28 11:47:11,757 - INFO - \U0001f4e6 Parsed card: CMN-AN-1875 - Appartement à vendre à Bourgogne
2026-04-28 11:47:11,789 - INFO - \U0001f4e6 Parsed card: Appartement en vente 61m² à Gueliz Piscine Rooftop
2026-04-28 11:47:11,821 - INFO - \U0001f4e6 Parsed card: CMN-MA-2478 - Appartement à vendre à Burger
2026-04-28 11:47:11,854 - INFO - \U0001f4e6 Parsed card: Appartement à vendre 60 m² à Marrakech
2026-04-28 11:47:11,895 - INFO - \U0001f4e6 Parsed card: Appartement Rénové Sécurisé 1er Étage Ensoleillé Bd Roudani
2026-04-28 11:47:11,947 - INFO - \U0001f4e6 Parsed card: Studio-Neuf/JamaisHabité/ 62M²/Tram Busway Ghandi
2026-04-28 11:47:11,988 - INFO - \U0001f4e6 Parsed card: A vendre un appart de 4 chambres sans voisins
2026-04-28 11:47:12,026 - INFO - \U0001f4e6 Parsed card: Appartement 2 chambres corniche investisseurs airbnb
2026-04-28 11:47:12,055 - INFO - \U0001f4e6 Parsed card: Appartement à vendre 51 m² à Casablanca
2026-04-28 11:47:12,084 - INFO - \U0001f4e6 Parsed card: Superbe appartement à vendre dans le quartier Golf, route des Rmilat
2026-04-28 11:47:12,116 - INFO - \U0001f4e6 Parsed card: Superbe appartement à Dar Bouazza
2026-04-28 11:47:12,145 - INFO - \U0001f4e6 Parsed card: Appartements à vendre 56 m² à Marrakech
2026-04-28 11:47:12,175 - INFO - \U0001f4e6 Parsed card: Appartement neuf à vendre 71 m² à Marrakech
2026-04-28 11:47:12,204 - INFO - \U0001f4e6 Parsed card: Appartement à vendre 85 m² à Sidi Rahal
2026-04-28 11:47:12,235 - INFO - \U0001f4e6 Parsed card: Appartement à vendre 74 m² à Casablanca
2026-04-28 11:47:12,263 - INFO - \U0001f4e6 Parsed card: Appartement d’exception à vendre au cœur d’Agdal
2026-04-28 11:47:12,300 - INFO - \U0001f4e6 Parsed card: Appartement à vendre 104 m² à Mohammedia
2026-04-28 11:47:12,330 - INFO - \U0001f4e6 Parsed card: Appartement à vendre opportunité unique à Saïd Hajji – Salé
2026-04-28 11:47:12,361 - INFO - \U0001f4e6 Parsed card: Duplex meublé à vendre près du stade Ibn Batouta
2026-04-28 11:47:12,395 - INFO - \U0001f4e6 Parsed card: Appartement à vendre 87 m² à Casablanca
2026-04-28 11:47:12,432 - INFO - \U0001f4e6 Parsed card: Appartement 109 m² à Salé en cours de construction
2026-04-28 11:47:12,468 - INFO - \U0001f4e6 Parsed card: Studio meublé à vendre vue piscine
2026-04-28 11:47:12,507 - INFO - \U0001f4e6 Parsed card: Appart 114m2 de 3 ch salon à Rouidate
2026-04-28 11:47:12,541 - INFO - \U0001f4e6 Parsed card: Neuf Appartement à vendre 63 m² à Agadir
2026-04-28 11:47:12,576 - INFO - \U0001f4e6 Parsed card: Appartement à vendre 102 m² à Agadir
2026-04-28 11:47:12,610 - INFO - \U0001f4e6 Parsed card: Appartement traversant avec vue mer–Dernier étage
2026-04-28 11:47:15,927 - INFO - \u27a1\ufe0f Moved to next page
2026-04-28 11:47:15,927 - INFO - \U0001f4c4 Scraping page 3
2026-04-28 11:47:16,948 - INFO - \U0001f4dc Scrolled page (1/3)
2026-04-28 11:47:17,957 - INFO - \U0001f4dc Scrolled page (2/3)
2026-04-28 11:47:18,971 - INFO - \U0001f4dc Scrolled page (3/3)
2026-04-28 11:47:18,985 - INFO - \U0001f50e Cards found: 38
2026-04-28 11:47:19,020 - INFO - \U0001f4e6 Parsed card: APPART 91m 2FACES vue piscine à MARBELLA BEACH
2026-04-28 11:47:19,048 - INFO - \U0001f4e6 Parsed card: Appartement 112 m² – 8e étage – Riad Tétouan
2026-04-28 11:47:19,079 - INFO - \U0001f4e6 Parsed card: Studios neufs à vendre
2026-04-28 11:47:19,108 - INFO - \U0001f4e6 Parsed card: Studio meublé à vendre vue piscine
2026-04-28 11:47:19,136 - INFO - \U0001f4e6 Parsed card: Appart 114m2 de 3 ch salon à Rouidate
2026-04-28 11:47:19,163 - INFO - \U0001f4e6 Parsed card: Appartement à vendre 102 m² à Agadir
2026-04-28 11:47:19,191 - INFO - \U0001f4e6 Parsed card: Appartement 109 m² à Salé en cours de construction
2026-04-28 11:47:19,221 - INFO - \U0001f4e6 Parsed card: Appartement Excellente finition Très ensoleillé
2026-04-28 11:47:19,251 - INFO - \U0001f4e6 Parsed card: Appartement 2 ch à vendre vue sur mer
2026-04-28 11:47:19,283 - INFO - \U0001f4e6 Parsed card: RACINE Superbe Appartement Rénové à Vendre 265m²
2026-04-28 11:47:19,312 - INFO - \U0001f4e6 Parsed card: Appart 93 m² à Salé en cours de construction
2026-04-28 11:47:19,342 - INFO - \U0001f4e6 Parsed card: Appart 97 m² à Salé en cours de construction
2026-04-28 11:47:19,369 - INFO - \U0001f4e6 Parsed card: Duplex à vendre 124 m² à Targa 11000 dhs m2
2026-04-28 11:47:19,398 - INFO - \U0001f4e6 Parsed card: Appartement à vendre 118m² La Perle du Sahara Dakhla
2026-04-28 11:47:19,426 - INFO - \U0001f4e6 Parsed card: Appartement Meublé à vendre à l'Houda
2026-04-28 11:47:19,453 - INFO - \U0001f4e6 Parsed card: Appartement avec terrasse\U0001f60d à vendre à Hay Azdehar
2026-04-28 11:47:19,478 - INFO - \U0001f4e6 Parsed card: A vendre un bel appartement avec terrasse
2026-04-28 11:47:19,504 - INFO - \U0001f4e6 Parsed card: Appartement vue piscine
2026-04-28 11:47:19,530 - INFO - \U0001f4e6 Parsed card: A vendre un joli appartement de 3 chambres
2026-04-28 11:47:19,558 - INFO - \U0001f4e6 Parsed card: Apt Neuf 3 Chambres 1Salon roudani Maarif
2026-04-28 11:47:19,592 - INFO - \U0001f4e6 Parsed card: \U0001f60d Appartement rénové avec belle vue
2026-04-28 11:47:19,619 - INFO - \U0001f4e6 Parsed card: Magnifique studio à vendre palmier
2026-04-28 11:47:19,646 - INFO - \U0001f4e6 Parsed card: Appartement à vendre au parc mohammedia
2026-04-28 11:47:19,673 - INFO - \U0001f4e6 Parsed card: Appartement à vendre à Hay Salam Oujda
2026-04-28 11:47:19,699 - INFO - \U0001f4e6 Parsed card: Appartement à vendre 98 m² à Marrakech
2026-04-28 11:47:19,755 - INFO - \U0001f4e6 Parsed card: Appart. 3 façades 78 m2 sidi Maarof à côté Worod
2026-04-28 11:47:19,793 - INFO - \U0001f4e6 Parsed card: Duplex RDC 47 m² en vente - piscine Rooftop
2026-04-28 11:47:19,830 - INFO - \U0001f4e6 Parsed card: TRIANGLE D’OR BEL APPT A VENDRE AVEC TERRASSE
2026-04-28 11:47:19,856 - INFO - \U0001f4e6 Parsed card: Appartement à vendre 149 m² à Casablanca
2026-04-28 11:47:19,881 - INFO - \U0001f4e6 Parsed card: Appartement 66 m² à Hay Nakhil Oujda
2026-04-28 11:47:19,906 - INFO - \U0001f4e6 Parsed card: A VENDRE APPARTEMENTS NEUFS AVEC TITRES FONCIERS
2026-04-28 11:47:19,931 - INFO - \U0001f4e6 Parsed card: Appartement en vente 65m² à Gueliz-Piscine Rooftop
2026-04-28 11:47:19,976 - INFO - \U0001f4e6 Parsed card: Studio neuf 41 m2 à vendre Roche Noires
2026-04-28 11:47:20,013 - INFO - \U0001f4e6 Parsed card: Duplex à vendre avec piscine proche Guéliz
2026-04-28 11:47:20,045 - INFO - \U0001f4e6 Parsed card: Nouveau Projet Au Centre Avec Piscine
2026-04-28 11:47:20,071 - INFO - \U0001f4e6 Parsed card: Habit immobilier met en vente un joli studio
2026-04-28 11:47:20,099 - INFO - \U0001f4e6 Parsed card: Studio Avec Terrasse À Vendre Sur La Rte De Casa
2026-04-28 11:47:20,127 - INFO - \U0001f4e6 Parsed card: MAÂRIF JOLI APPARTEMENT 109 m² À VENDRE
2026-04-28 11:47:23,383 - INFO - \u27a1\ufe0f Moved to next page
2026-04-28 11:47:23,383 - INFO - \U0001f4c4 Scraping page 4
2026-04-28 11:47:24,405 - INFO - \U0001f4dc Scrolled page (1/3)
2026-04-28 11:47:25,413 - INFO - \U0001f4dc Scrolled page (2/3)
2026-04-28 11:47:26,421 - INFO - \U0001f4dc Scrolled page (3/3)
2026-04-28 11:47:26,436 - INFO - \U0001f50e Cards found: 38
2026-04-28 11:47:26,468 - INFO - \U0001f4e6 Parsed card: Appartement à vendre 110 m² à Casablanca
2026-04-28 11:47:26,524 - INFO - \U0001f4e6 Parsed card: Appartement vue sur mer 4 chambres à vendre
2026-04-28 11:47:26,562 - INFO - \U0001f4e6 Parsed card: Appartement à vendre 140 m² la marina Casablanca
2026-04-28 11:47:26,600 - INFO - \U0001f4e6 Parsed card: Appartement à vendre 75 m² à Casablanca
2026-04-28 11:47:26,646 - INFO - \U0001f4e6 Parsed card: Appart 118 m² Étage 3 Sidi Maarouf
2026-04-28 11:47:26,688 - INFO - \U0001f4e6 Parsed card: Bel appartement neuf à vendre à Oasis
2026-04-28 11:47:26,732 - INFO - \U0001f4e6 Parsed card: Appartement vue sur la gare routière sans intermédiaire
2026-04-28 11:47:26,775 - INFO - \U0001f4e6 Parsed card: Magnifique penthouse à vendre ou à louer à Wifac
2026-04-28 11:47:26,804 - INFO - \U0001f4e6 Parsed card: DUPLEX D'EXCEPTION Vue MER à vendre MARINA Casa
2026-04-28 11:47:26,834 - INFO - \U0001f4e6 Parsed card: Appartement à vendre 100 m² à Marrakech
2026-04-28 11:47:26,864 - INFO - \U0001f4e6 Parsed card: Appartement à Assilah
2026-04-28 11:47:26,893 - INFO - \U0001f4e6 Parsed card: Vente appartement à samlalia
2026-04-28 11:47:26,921 - INFO - \U0001f4e6 Parsed card: Appartement à vendre 48m² à Gueliz - Piscine Rooftop
2026-04-28 11:47:26,949 - INFO - \U0001f4e6 Parsed card: Appartement à vendre Sable d'Or à Harhoura
2026-04-28 11:47:26,977 - INFO - \U0001f4e6 Parsed card: Appartement à vendre sur la route de Safi près de MacDo
2026-04-28 11:47:27,004 - INFO - \U0001f4e6 Parsed card: Meilleur invest Studio Neuf 62M Tram Busway Ghandi
2026-04-28 11:47:27,033 - INFO - \U0001f4e6 Parsed card: Bel appartement à vendre
2026-04-28 11:47:27,059 - INFO - \U0001f4e6 Parsed card: Appartement en vent 51m² à Gueliz-Piscine Rooftop
2026-04-28 11:47:27,085 - INFO - \U0001f4e6 Parsed card: Appartement à vendre 70 m² à Had Soualem
2026-04-28 11:47:27,111 - INFO - \U0001f4e6 Parsed card: Appartement neuf avec ascenseur et parking
2026-04-28 11:47:27,137 - INFO - \U0001f4e6 Parsed card: Appartement Spacieux Avec Finitions Premium
2026-04-28 11:47:27,164 - INFO - \U0001f4e6 Parsed card: Appartement à vendre 61 m² à Marrakech
2026-04-28 11:47:27,189 - INFO - \U0001f4e6 Parsed card: Cozy Studio Duplex Meublé À Vendre À Victor Hugo
2026-04-28 11:47:27,214 - INFO - \U0001f4e6 Parsed card: Appartement à vendre Résidence noria 2 chambres
2026-04-28 11:47:27,240 - INFO - \U0001f4e6 Parsed card: À vendre appartement quartier Kenidi
2026-04-28 11:47:27,267 - INFO - \U0001f4e6 Parsed card: Appartement à vendre 117 m² à Marrakech
2026-04-28 11:47:27,293 - INFO - \U0001f4e6 Parsed card: Projet Prestigieux avec piscine Route de Casa
2026-04-28 11:47:27,319 - INFO - \U0001f4e6 Parsed card: Studio Neuf 53m2 Balcon Clim Riviera
2026-04-28 11:47:27,346 - INFO - \U0001f4e6 Parsed card: Résidence River Palm
2026-04-28 11:47:27,371 - INFO - \U0001f4e6 Parsed card: Appartement à vendre 92 m² à El Jadida
2026-04-28 11:47:27,397 - INFO - \U0001f4e6 Parsed card: appartement meublé à vendre
2026-04-28 11:47:27,423 - INFO - \U0001f4e6 Parsed card: PALMIER JOLI STUDIO NEUF AVEC TERRASSE À VENDRE
2026-04-28 11:47:27,457 - INFO - \U0001f4e6 Parsed card: Appartement à vendre à Temara
2026-04-28 11:47:27,484 - INFO - \U0001f4e6 Parsed card: LA PERLA BLANCA -E-8 25/56952
2026-04-28 11:47:27,516 - INFO - \U0001f4e6 Parsed card: Appartement à vendre 60 m² à Marrakech
2026-04-28 11:47:27,552 - INFO - \U0001f4e6 Parsed card: Studio Neuf 42m2 Balcon Garage Maarif
2026-04-28 11:47:27,596 - INFO - \U0001f4e6 Parsed card: Appartement à vendre
2026-04-28 11:47:27,641 - INFO - \U0001f4e6 Parsed card: Résidence Prestige 2, Quartier Al-Azhar
2026-04-28 11:47:30,996 - INFO - \u27a1\ufe0f Moved to next page
2026-04-28 11:47:30,997 - INFO - \U0001f4c4 Scraping page 5
2026-04-28 11:47:32,014 - INFO - \U0001f4dc Scrolled page (1/3)
2026-04-28 11:47:33,029 - INFO - \U0001f4dc Scrolled page (2/3)
2026-04-28 11:47:34,045 - INFO - \U0001f4dc Scrolled page (3/3)
2026-04-28 11:47:34,059 - INFO - \U0001f50e Cards found: 38
2026-04-28 11:47:34,092 - INFO - \U0001f4e6 Parsed card: Appartement 2 ch à vendre vue sur mer
2026-04-28 11:47:34,123 - INFO - \U0001f4e6 Parsed card: Appartement 67 m² à BOUSKOURA prix imbattable
2026-04-28 11:47:34,155 - INFO - \U0001f4e6 Parsed card: ALESIA STUDIOS & APPARTEMENTS
2026-04-28 11:47:34,184 - INFO - \U0001f4e6 Parsed card: Luxueux studio en vente a Gueliz pour AIRBNB
2026-04-28 11:47:34,213 - INFO - \U0001f4e6 Parsed card: Duplex moderne à vendre – 2 chambres Victor Hugo
2026-04-28 11:47:34,241 - INFO - \U0001f4e6 Parsed card: \U0001f3e0 L’EXCEPTION URBAINE Duplex 66 m² à Guéliz
2026-04-28 11:47:34,270 - INFO - \U0001f4e6 Parsed card: CMN-SI-1877 - Appartement à vendre à Bourgogne Est
2026-04-28 11:47:34,300 - INFO - \U0001f4e6 Parsed card: Appart lux 188m2 de 3ch 3sb à Gueliz
2026-04-28 11:47:34,330 - INFO - \U0001f4e6 Parsed card: Appart 76m2 près Mc Do et Marjane allal fassi
2026-04-28 11:47:34,364 - INFO - \U0001f4e6 Parsed card: Appart 78m2 avec terrasse en haut près Atacadao
2026-04-28 11:47:34,399 - INFO - \U0001f4e6 Parsed card: CMN-MA-2470 - Appartement à vendre à Les Hôpitaux
2026-04-28 11:47:34,431 - INFO - \U0001f4e6 Parsed card: Appartement à vendre 69 m² à Casablanca
2026-04-28 11:47:34,462 - INFO - \U0001f4e6 Parsed card: Appartement rénové proche gare, plage et zoo
2026-04-28 11:47:34,489 - INFO - \U0001f4e6 Parsed card: Duplex meublé au centre gueliz pour investissement
2026-04-28 11:47:34,519 - INFO - \U0001f4e6 Parsed card: appartement à vendre
2026-04-28 11:47:34,548 - INFO - \U0001f4e6 Parsed card: Appart. Haut stand. 78m2 Lot Al baraka Californie
2026-04-28 11:47:34,575 - INFO - \U0001f4e6 Parsed card: Appartement à vendre 88 m² à Mohammedia
2026-04-28 11:47:34,603 - INFO - \U0001f4e6 Parsed card: VENTE DIRECTE SUPERBES APPARTEMENTS
2026-04-28 11:47:34,630 - INFO - \U0001f4e6 Parsed card: Appartement à vendre riad Oulfa
2026-04-28 11:47:34,657 - INFO - \U0001f4e6 Parsed card: Appartement à vendre 104m² Amanar à Agadir
2026-04-28 11:47:34,684 - INFO - \U0001f4e6 Parsed card: Appartement meublé à vendre azzouzia bon état
2026-04-28 11:47:34,710 - INFO - \U0001f4e6 Parsed card: Appartement à vendre rue Royal Army
2026-04-28 11:47:34,735 - INFO - \U0001f4e6 Parsed card: Appartement 74 m², ascenseur, syndic, déclaration totale
2026-04-28 11:47:34,761 - INFO - \U0001f4e6 Parsed card: Appartement à vendre 88 m² à Dar Bouazza
2026-04-28 11:47:34,787 - INFO - \U0001f4e6 Parsed card: Appartement haut standing 138 m2 Al Maz
2026-04-28 11:47:34,816 - INFO - \U0001f4e6 Parsed card: Grand Appartement Mhamid Avenue Nakhil
2026-04-28 11:47:34,845 - INFO - \U0001f4e6 Parsed card: Appartement avec jacuzzi à vendre à Prestigia
2026-04-28 11:47:34,872 - INFO - \U0001f4e6 Parsed card: Appartement à vendre 54 m² à Casablanca
2026-04-28 11:47:34,900 - INFO - \U0001f4e6 Parsed card: Appart.H.ST 87m2 Hay.chrifa près Bd qods
2026-04-28 11:47:34,927 - INFO - \U0001f4e6 Parsed card: Appartement vue mer Anza Miftah Sahil meublé
2026-04-28 11:47:34,954 - INFO - \U0001f4e6 Parsed card: Appartement à vendre 73m² La Perle Bleue à Dakhla
2026-04-28 11:47:34,980 - INFO - \U0001f4e6 Parsed card: CMN-SI-1879 - Appartement à vendre à Ziraoui
2026-04-28 11:47:35,006 - INFO - \U0001f4e6 Parsed card: Appartement meublé 76 m ascenseur syndic sur la rue
2026-04-28 11:47:35,034 - INFO - \U0001f4e6 Parsed card: Appartement à vendre 129 m² à Casablanca
2026-04-28 11:47:35,061 - INFO - \U0001f4e6 Parsed card: Appartement à vendre 50 m² à Marrakech
2026-04-28 11:47:35,090 - INFO - \U0001f4e6 Parsed card: Appartement à vendre 123 m² à Casablanca
2026-04-28 11:47:35,116 - INFO - \U0001f4e6 Parsed card: Appartement avec terrasse 118 m², ascenseur, syndic, 3 minutes de la gare
2026-04-28 11:47:35,141 - INFO - \U0001f4e6 Parsed card: Appartement à vendre au quatrième étage, excellent emplacement
2026-04-28 11:47:38,054 - INFO - \u27a1\ufe0f Moved to next page
2026-04-28 11:47:38,055 - INFO - \U0001f4c4 Scraping page 6
2026-04-28 11:47:39,080 - INFO - \U0001f4dc Scrolled page (1/3)
2026-04-28 11:47:40,091 - INFO - \U0001f4dc Scrolled page (2/3)
2026-04-28 11:47:41,109 - INFO - \U0001f4dc Scrolled page (3/3)
2026-04-28 11:47:41,123 - INFO - \U0001f50e Cards found: 38
2026-04-28 11:47:41,159 - INFO - \U0001f4e6 Parsed card: vente appartement moyen standing oulfa
2026-04-28 11:47:41,189 - INFO - \U0001f4e6 Parsed card: Duplex vue piscine et mer Taghazout Bay Taourt
2026-04-28 11:47:41,227 - INFO - \U0001f4e6 Parsed card: Appartement Neuf 84 m² à Guéliz Avec Piscine
2026-04-28 11:47:41,261 - INFO - \U0001f4e6 Parsed card: Appartement 4 pièces 2 salles de bain ascenseur syndic sur la rue
2026-04-28 11:47:41,296 - INFO - \U0001f4e6 Parsed card: Appartement à vendre105m²Les Jardins de la Coupole
2026-04-28 11:47:41,331 - INFO - \U0001f4e6 Parsed card: Appartement Massira 1 Ahbass 4ème étage
2026-04-28 11:47:41,362 - INFO - \U0001f4e6 Parsed card: Appartement 2 terrasses 196 m ascenseur syndic déclaration totale
2026-04-28 11:47:41,395 - INFO - \U0001f4e6 Parsed card: Appartement à vendre 165 m² à Casablanca
2026-04-28 11:47:41,426 - INFO - \U0001f4e6 Parsed card: Appartement à vendre à Kénitra
2026-04-28 11:47:41,461 - INFO - \U0001f4e6 Parsed card: Appartement à vendre 95 m² à Marrakech
2026-04-28 11:47:41,494 - INFO - \U0001f4e6 Parsed card: Appartement 140m² à Vendre -Quartier Administratif
2026-04-28 11:47:41,527 - INFO - \U0001f4e6 Parsed card: Appartement à vendre 95 m² à Marrakech palmeraie
2026-04-28 11:47:41,560 - INFO - \U0001f4e6 Parsed card: Appartement Ensoleillé à vendre 50 m² à Tamensourt
2026-04-28 11:47:41,593 - INFO - \U0001f4e6 Parsed card: CMN-MA-1866 - Appartement à vendre à Les princesses
2026-04-28 11:47:41,626 - INFO - \U0001f4e6 Parsed card: Appartement de 110 m² à vendre à Castilla – Tanger
2026-04-28 11:47:41,658 - INFO - \U0001f4e6 Parsed card: Superbe studio 56 m² à saisir à Marrakech
2026-04-28 11:47:41,688 - INFO - \U0001f4e6 Parsed card: Appartement 3 chambres à Oued Aliane - 2 façades
2026-04-28 11:47:41,720 - INFO - \U0001f4e6 Parsed card: Appartement à vendre 136 m² à Marrakech
2026-04-28 11:47:41,751 - INFO - \U0001f4e6 Parsed card: Appartement neuf et moderne sur la corniche
2026-04-28 11:47:41,786 - INFO - \U0001f4e6 Parsed card: Appartement à vendre 76 m² à Marrakech
2026-04-28 11:47:41,817 - INFO - \U0001f4e6 Parsed card: Spacieux Appartement 2 Chambres à la Vente Guéliz
2026-04-28 11:47:41,845 - INFO - \U0001f4e6 Parsed card: Appartement excellent 64 mètres avec soutien financier
2026-04-28 11:47:41,872 - INFO - \U0001f4e6 Parsed card: Appartement à vendre 126 m² à ain ktiouit Tanger
2026-04-28 11:47:41,901 - INFO - \U0001f4e6 Parsed card: CMN-AC-2017 - Appartement à vendre à Californie
2026-04-28 11:47:41,929 - INFO - \U0001f4e6 Parsed card: Bel appartement en vente bd 2 mars
2026-04-28 11:47:41,957 - INFO - \U0001f4e6 Parsed card: A vendre appartement de 78 m2 avec balcon
2026-04-28 11:47:41,985 - INFO - \U0001f4e6 Parsed card: Studio de 59m² à vendre à Ain Sebaa
2026-04-28 11:47:42,011 - INFO - \U0001f4e6 Parsed card: Duplex vue piscine et mer Taghazout Bay Taourt
2026-04-28 11:47:42,039 - INFO - \U0001f4e6 Parsed card: Appartement à vendre 100 m² à Essaouira
2026-04-28 11:47:42,068 - INFO - \U0001f4e6 Parsed card: Très beau 3ch au Maarif Extension
2026-04-28 11:47:42,099 - INFO - \U0001f4e6 Parsed card: CMN-SI-1881 - Appartement à vendre à Bourgogne Est
2026-04-28 11:47:42,129 - INFO - \U0001f4e6 Parsed card: BEN-MA-1118 - Appartement à vendre à Mansouria-B...
2026-04-28 11:47:42,162 - INFO - \U0001f4e6 Parsed card: Opportunité rare à Izdihar, Appartement à vendre
2026-04-28 11:47:42,200 - INFO - \U0001f4e6 Parsed card: Appartement en vente ain borja
2026-04-28 11:47:42,244 - INFO - \U0001f4e6 Parsed card: Appartement 2 chambres à vendre - Sbata Ben M'sik
2026-04-28 11:47:42,279 - INFO - \U0001f4e6 Parsed card: Appartement à vendre 52 m² à Casablanca
2026-04-28 11:47:42,309 - INFO - \U0001f4e6 Parsed card: Appartement neuf enregistré conservé Médina Errahma
2026-04-28 11:47:42,338 - INFO - \U0001f4e6 Parsed card: Appartement de luxe à vendre à Marina golf Asilah
2026-04-28 11:47:45,681 - INFO - \u27a1\ufe0f Moved to next page
2026-04-28 11:47:45,681 - INFO - \U0001f4c4 Scraping page 7
2026-04-28 11:47:46,700 - INFO - \U0001f4dc Scrolled page (1/3)
2026-04-28 11:47:47,709 - INFO - \U0001f4dc Scrolled page (2/3)
2026-04-28 11:47:48,729 - INFO - \U0001f4dc Scrolled page (3/3)
2026-04-28 11:47:48,739 - INFO - \U0001f50e Cards found: 38
2026-04-28 11:47:48,776 - INFO - \U0001f4e6 Parsed card: Appartement à vendre 39 m² à Marrakech
2026-04-28 11:47:48,811 - INFO - \U0001f4e6 Parsed card: Appartement à vendre 56 m² à Marrakech
2026-04-28 11:47:48,846 - INFO - \U0001f4e6 Parsed card: Appartement à vendre à Cabo Negro
2026-04-28 11:47:48,880 - INFO - \U0001f4e6 Parsed card: CMN-HA-1848 - Appartement à vendre à Lissasfa
2026-04-28 11:47:48,911 - INFO - \U0001f4e6 Parsed card: Appartement de luxe à vendre à Marina golf Asilah
2026-04-28 11:47:48,943 - INFO - \U0001f4e6 Parsed card: Appartement Mers Sultan 139 m² à Casablanca
2026-04-28 11:47:48,975 - INFO - \U0001f4e6 Parsed card: Appartement à Vendre 120 m² à Casablanca/A
2026-04-28 11:47:49,004 - INFO - \U0001f4e6 Parsed card: Grand appartement à vendre à Hay Riad
2026-04-28 11:47:49,035 - INFO - \U0001f4e6 Parsed card: Bel appartement en vente al fida
2026-04-28 11:47:49,089 - INFO - \U0001f4e6 Parsed card: Appartement à vendre 68 m² au maarif
2026-04-28 11:47:49,125 - INFO - \U0001f4e6 Parsed card: bel appartement en vente ain borja
2026-04-28 11:47:49,159 - INFO - \U0001f4e6 Parsed card: Appartement à vendre 90 m² centre ville Fès
2026-04-28 11:47:49,192 - INFO - \U0001f4e6 Parsed card: Appartement à vendre 59 m² à Ain Sebaa
2026-04-28 11:47:49,224 - INFO - \U0001f4e6 Parsed card: Bel appartement vente belvedere
2026-04-28 11:47:49,254 - INFO - \U0001f4e6 Parsed card: Bel appartement vente quartier des hôpitaux
2026-04-28 11:47:49,286 - INFO - \U0001f4e6 Parsed card: Grand bel appartement en vente Casablanca
2026-04-28 11:47:49,316 - INFO - \U0001f4e6 Parsed card: Bel appartement de 73m² à Ain Sebaa
2026-04-28 11:47:49,345 - INFO - \U0001f4e6 Parsed card: Appartement 110 m² à Casablanca
2026-04-28 11:47:49,374 - INFO - \U0001f4e6 Parsed card: CMN-AC-1971 - Appartement à vendre à Sidi Maarouf
2026-04-28 11:47:49,401 - INFO - \U0001f4e6 Parsed card: Appartement à vendre de 78 m2 avec balcon
2026-04-28 11:47:49,430 - INFO - \U0001f4e6 Parsed card: CMN-MA-2404 - Appartement à vendre à Les princesses
2026-04-28 11:47:49,459 - INFO - \U0001f4e6 Parsed card: CMN-HA-1920 - Appartement à vendre à Oulfa
2026-04-28 11:47:49,491 - INFO - \U0001f4e6 Parsed card: bel appartement en vente 3 chambres 1 salon
2026-04-28 11:47:49,520 - INFO - \U0001f4e6 Parsed card: Grand appartement en vente à Ain Borja
2026-04-28 11:47:49,550 - INFO - \U0001f4e6 Parsed card: CMN-MA-1139 - Appartement à vendre à Val Fleurie
2026-04-28 11:47:49,580 - INFO - \U0001f4e6 Parsed card: Grand appartement en vente Ain Borja
2026-04-28 11:47:49,609 - INFO - \U0001f4e6 Parsed card: Beau studio en vente bd Anfa
2026-04-28 11:47:49,642 - INFO - \U0001f4e6 Parsed card: Bel appartement à vendre près du quartier Al Qods Bernoussi
2026-04-28 11:47:49,672 - INFO - \U0001f4e6 Parsed card: BIENVENUE À ALESIA
2026-04-28 11:47:49,703 - INFO - \U0001f4e6 Parsed card: RBA-YA-1053 - Appartement à vendre à Hay El Menzah
2026-04-28 11:47:49,741 - INFO - \U0001f4e6 Parsed card: Complexe Al Nour Tanger
2026-04-28 11:47:49,776 - INFO - \U0001f4e6 Parsed card: Très bel appartement 3Ch pieds sans l'eau
2026-04-28 11:47:49,807 - INFO - \U0001f4e6 Parsed card: Appartement à vendre 100 m² à Tanger
2026-04-28 11:47:49,837 - INFO - \U0001f4e6 Parsed card: Appartement à vendre à Ahla
2026-04-28 11:47:49,867 - INFO - \U0001f4e6 Parsed card: Appartement ensoleillé et spacieux
2026-04-28 11:47:49,897 - INFO - \U0001f4e6 Parsed card: Appartement trois chambres salon
2026-04-28 11:47:49,926 - INFO - \U0001f4e6 Parsed card: Appart à vendre 76 m² (Rez Chaussée) à Bouznika
2026-04-28 11:47:49,956 - INFO - \U0001f4e6 Parsed card: Appart à vendre 72 m² Izdihar Marrakech
2026-04-28 11:47:53,117 - INFO - \u27a1\ufe0f Moved to next page
2026-04-28 11:47:53,117 - INFO - \U0001f4c4 Scraping page 8
2026-04-28 11:47:54,129 - INFO - \U0001f4dc Scrolled page (1/3)
2026-04-28 11:47:55,140 - INFO - \U0001f4dc Scrolled page (2/3)
2026-04-28 11:47:56,155 - INFO - \U0001f4dc Scrolled page (3/3)
2026-04-28 11:47:56,167 - INFO - \U0001f50e Cards found: 38
2026-04-28 11:47:56,206 - INFO - \U0001f4e6 Parsed card: Duplex luxueux à vendre 318 m² à Racine
2026-04-28 11:47:56,240 - INFO - \U0001f4e6 Parsed card: Appartement à vendre Saada, près de Marjane, route de Casa, en sous-sol
2026-04-28 11:47:56,276 - INFO - \U0001f4e6 Parsed card: Appartement à vendre 65 m² à Martil
2026-04-28 11:47:56,309 - INFO - \U0001f4e6 Parsed card: Excellent Appartements à vendre
2026-04-28 11:47:56,339 - INFO - \U0001f4e6 Parsed card: À vendre studio avec terrasse
2026-04-28 11:47:56,369 - INFO - \U0001f4e6 Parsed card: Appartement à vendre 67 m² à Asilah
2026-04-28 11:47:56,397 - INFO - \U0001f4e6 Parsed card: Appartement excellent à vendre à Haye Militaire, El Bustan, Meknes
2026-04-28 11:47:56,428 - INFO - \U0001f4e6 Parsed card: Appartement à vendre 64 m² à Tanger
2026-04-28 11:47:56,462 - INFO - \U0001f4e6 Parsed card: TNG-TA-1129 - Appartement à vendre à Msala
2026-04-28 11:47:56,494 - INFO - \U0001f4e6 Parsed card: Appartement au 4ème étage avec ascenseur à la résidence Jawharat Al Atlas
2026-04-28 11:47:56,527 - INFO - \U0001f4e6 Parsed card: Appartement luxueux à vendre au cœur de Tanger
2026-04-28 11:47:56,560 - INFO - \U0001f4e6 Parsed card: Appartement à vendre 174m2 à Mers Sultan
2026-04-28 11:47:56,589 - INFO - \U0001f4e6 Parsed card: Investissement rentable à 5 min de Gueliz.
2026-04-28 11:47:56,619 - INFO - \U0001f4e6 Parsed card: Appartement à vendre à Azib Haj Kaddour
2026-04-28 11:47:56,650 - INFO - \U0001f4e6 Parsed card: Appartement à vendre 120 m² à Guich des Oudayas
2026-04-28 11:47:56,681 - INFO - \U0001f4e6 Parsed card: Diar Alfath Lot 10 Taje 1
2026-04-28 11:47:56,710 - INFO - \U0001f4e6 Parsed card: Appartements à vendre près du café Russie
2026-04-28 11:47:56,738 - INFO - \U0001f4e6 Parsed card: Appartements de qualité à vendre
2026-04-28 11:47:56,767 - INFO - \U0001f4e6 Parsed card: Appartement de haut standing
2026-04-28 11:47:56,795 - INFO - \U0001f4e6 Parsed card: Appartement à vendre
2026-04-28 11:47:56,822 - INFO - \U0001f4e6 Parsed card: Bel Appartement dans la résidence Jardins Souss
2026-04-28 11:47:56,850 - INFO - \U0001f4e6 Parsed card: Appartement à vendre 70 m² à Essaouira
2026-04-28 11:47:56,879 - INFO - \U0001f4e6 Parsed card: Appartement sur R plus 2
2026-04-28 11:47:56,909 - INFO - \U0001f4e6 Parsed card: Bel appartement à vendre calme proche de tout
2026-04-28 11:47:56,937 - INFO - \U0001f4e6 Parsed card: Appartements Excellent a vendre
2026-04-28 11:47:56,964 - INFO - \U0001f4e6 Parsed card: Appartement à vendre 99 m² à Casablanca
2026-04-28 11:47:57,003 - INFO - \U0001f4e6 Parsed card: Studio à vendre à Palmier
2026-04-28 11:47:57,048 - INFO - \U0001f4e6 Parsed card: Appartement à vendre 122m² Casablanca Mers sultan
2026-04-28 11:47:57,085 - INFO - \U0001f4e6 Parsed card: Un appartement
2026-04-28 11:47:57,113 - INFO - \U0001f4e6 Parsed card: Appartement à Al Qods Bernoussi
2026-04-28 11:47:57,140 - INFO - \U0001f4e6 Parsed card: Appartement à vendre 64 m² à Casablanca
2026-04-28 11:47:57,168 - INFO - \U0001f4e6 Parsed card: Appartement à vendre 51 m² à Casablanca
2026-04-28 11:47:57,196 - INFO - \U0001f4e6 Parsed card: Bel appartement terrasse à Essaouira
2026-04-28 11:47:57,222 - INFO - \U0001f4e6 Parsed card: Appartements à vendre à Harhoura Valdor
2026-04-28 11:47:57,250 - INFO - \U0001f4e6 Parsed card: Appartement à vendre 50 m² à Casablanca
2026-04-28 11:47:57,280 - INFO - \U0001f4e6 Parsed card: Appartement à vendre 50 m² à Casablanca
2026-04-28 11:47:57,314 - INFO - \U0001f4e6 Parsed card: Appartement "Soumi Vini" dans un quartier chic près de la mosquée et sans intérêt
2026-04-28 11:47:57,359 - INFO - \U0001f4e6 Parsed card: Triplex de 200m² à 200m avenue ibn badis
2026-04-28 11:48:00,700 - INFO - \u27a1\ufe0f Moved to next page
2026-04-28 11:48:00,700 - INFO - \U0001f4c4 Scraping page 9
2026-04-28 11:48:01,714 - INFO - \U0001f4dc Scrolled page (1/3)
2026-04-28 11:48:02,724 - INFO - \U0001f4dc Scrolled page (2/3)
2026-04-28 11:48:03,734 - INFO - \U0001f4dc Scrolled page (3/3)
2026-04-28 11:48:03,743 - INFO - \U0001f50e Cards found: 38
2026-04-28 11:48:03,778 - INFO - \U0001f4e6 Parsed card: Studio à vendre 45 m² à Casablanca
2026-04-28 11:48:03,839 - INFO - \U0001f4e6 Parsed card: APPARTEMENT HAUT STANDING À RIVIERA
2026-04-28 11:48:03,887 - INFO - \U0001f4e6 Parsed card: Appartement neuf à vendre au Qu. des hôpitaux
2026-04-28 11:48:03,920 - INFO - \U0001f4e6 Parsed card: Appartement Mansour Tadamon
2026-04-28 11:48:03,950 - INFO - \U0001f4e6 Parsed card: Appartement à vendre 92 m² à boustane El Jadida
2026-04-28 11:48:03,984 - INFO - \U0001f4e6 Parsed card: Studio de Luxe Meublé à vendre
2026-04-28 11:48:04,015 - INFO - \U0001f4e6 Parsed card: Appartement spacieux 107 m² 3 chambres
2026-04-28 11:48:04,044 - INFO - \U0001f4e6 Parsed card: Appartement à vendre Iberia
2026-04-28 11:48:04,076 - INFO - \U0001f4e6 Parsed card: APPARTEMENT À VENDRE AV HASSAN 2
2026-04-28 11:48:04,108 - INFO - \U0001f4e6 Parsed card: Appartement à vendre
2026-04-28 11:48:04,138 - INFO - \U0001f4e6 Parsed card: Appartement à vendre 171 m² EL MENEZEH
2026-04-28 11:48:04,169 - INFO - \U0001f4e6 Parsed card: Appartement à vendre
2026-04-28 11:48:04,201 - INFO - \U0001f4e6 Parsed card: Superbe appartement à vendre, premier étage, 290 000 dirhams
2026-04-28 11:48:04,234 - INFO - \U0001f4e6 Parsed card: Appartement à vendre 75 m² à Essaouira
2026-04-28 11:48:04,265 - INFO - \U0001f4e6 Parsed card: Appartement À vendre à Témara Wifak 87m²
2026-04-28 11:48:04,296 - INFO - \U0001f4e6 Parsed card: Appartement à vendre 5 minutes de Hay Riad
2026-04-28 11:48:04,330 - INFO - \U0001f4e6 Parsed card: Appartement à vendre 140 m² à Bouznika
2026-04-28 11:48:04,360 - INFO - \U0001f4e6 Parsed card: Appartement à vendre 76 m² à Sidi Rahal
2026-04-28 11:48:04,389 - INFO - \U0001f4e6 Parsed card: Appt 92m2 ensoleillé sur Wafa
2026-04-28 11:48:04,420 - INFO - \U0001f4e6 Parsed card: APPARTEMENT À VENDRE À ABWAB GUELIZ
2026-04-28 11:48:04,450 - INFO - \U0001f4e6 Parsed card: Appartement à vendre 233 m² à Rabat
2026-04-28 11:48:04,482 - INFO - \U0001f4e6 Parsed card: Appartement neuf à vendre 136 m² à Harhoura Valdor
2026-04-28 11:48:04,514 - INFO - \U0001f4e6 Parsed card: Appartement à vendre 199 m² à Boulevard Zerktouni
2026-04-28 11:48:04,542 - INFO - \U0001f4e6 Parsed card: APPARTEMENT À VENDRE AU CŒUR DE GUELIZ
2026-04-28 11:48:04,570 - INFO - \U0001f4e6 Parsed card: Appartement à vendre
2026-04-28 11:48:04,599 - INFO - \U0001f4e6 Parsed card: Magnifique appartement meublé front de mer
2026-04-28 11:48:04,627 - INFO - \U0001f4e6 Parsed card: Appartement à vendre
2026-04-28 11:48:04,654 - INFO - \U0001f4e6 Parsed card: Tayssir Dhouha Kénitra
2026-04-28 11:48:04,683 - INFO - \U0001f4e6 Parsed card: Appartement à vendre 75 m² à Agadir
2026-04-28 11:48:04,710 - INFO - \U0001f4e6 Parsed card: Appt 2 ch double salon à vendre à Borgogne ouest
2026-04-28 11:48:04,740 - INFO - \U0001f4e6 Parsed card: Appartement à vendre, premier étage à Abwab Marrakech
2026-04-28 11:48:04,770 - INFO - \U0001f4e6 Parsed card: Appartement à vendre 70 m² au Vizir Center à Marrakech
2026-04-28 11:48:04,798 - INFO - \U0001f4e6 Parsed card: Appartements de qualité à vendre à Ain Atiq
2026-04-28 11:48:04,827 - INFO - \U0001f4e6 Parsed card: Appartement d’exception front mer- Tamaris Premium
2026-04-28 11:48:04,859 - INFO - \U0001f4e6 Parsed card: Appartement à vendre 83 m² à Ain sebaa
2026-04-28 11:48:04,888 - INFO - \U0001f4e6 Parsed card: Appartement à vendre 79m² à Ain Sebaa
2026-04-28 11:48:04,916 - INFO - \U0001f4e6 Parsed card: Appartement de luxe à vendre vue mer
2026-04-28 11:48:04,944 - INFO - \U0001f4e6 Parsed card: Appartement à vendre 140 m² la marina Casablanca
2026-04-28 11:48:08,245 - INFO - \u27a1\ufe0f Moved to next page
2026-04-28 11:48:08,245 - INFO - \U0001f4c4 Scraping page 10
2026-04-28 11:48:09,261 - INFO - \U0001f4dc Scrolled page (1/3)
2026-04-28 11:48:10,274 - INFO - \U0001f4dc Scrolled page (2/3)
2026-04-28 11:48:11,284 - INFO - \U0001f4dc Scrolled page (3/3)
2026-04-28 11:48:11,295 - INFO - \U0001f50e Cards found: 38
2026-04-28 11:48:11,341 - INFO - \U0001f4e6 Parsed card: Appartement de luxe
2026-04-28 11:48:11,376 - INFO - \U0001f4e6 Parsed card: Appartement 67 m² à BOUSKOURA prix imbattable
2026-04-28 11:48:11,440 - INFO - \U0001f4e6 Parsed card: Appartement à vendre 58 m², Oulfa Hay Hassani
2026-04-28 11:48:11,474 - INFO - \U0001f4e6 Parsed card: Appartement en face Zone Villa
2026-04-28 11:48:11,508 - INFO - \U0001f4e6 Parsed card: Appartements de luxe à vendre avec vue sur mer
2026-04-28 11:48:11,539 - INFO - \U0001f4e6 Parsed card: Appartement à vendre 61 m² à Meknès
2026-04-28 11:48:11,568 - INFO - \U0001f4e6 Parsed card: APPARTEMENT RÉSIDENCE TAOUIRT TAGHAZOUT BAY
2026-04-28 11:48:11,599 - INFO - \U0001f4e6 Parsed card: appartement à Bahia Golf beach
2026-04-28 11:48:11,630 - INFO - \U0001f4e6 Parsed card: Appartement 2 chambres à vendre à Oulfa
2026-04-28 11:48:11,660 - INFO - \U0001f4e6 Parsed card: Appartement R+2//hawtta
2026-04-28 11:48:11,691 - INFO - \U0001f4e6 Parsed card: Appartement à vendre, 2 Mars Casablanca
2026-04-28 11:48:11,720 - INFO - \U0001f4e6 Parsed card: Appartement à louer 60 m² à Casablanca
2026-04-28 11:48:11,752 - INFO - \U0001f4e6 Parsed card: appartement meublé
2026-04-28 11:48:11,785 - INFO - \U0001f4e6 Parsed card: Appartement à vendre 82 m² à Kénitra
2026-04-28 11:48:11,818 - INFO - \U0001f4e6 Parsed card: Appartement de Luxe 270 m²–Hay Riad Rabat
2026-04-28 11:48:11,852 - INFO - \U0001f4e6 Parsed card: Appartements à vendre 137 m² à Marrakech
2026-04-28 11:48:11,883 - INFO - \U0001f4e6 Parsed card: Appartement à Bouznika
2026-04-28 11:48:11,914 - INFO - \U0001f4e6 Parsed card: Appartement RDC meublé 60m² Route de Guemassa
2026-04-28 11:48:11,948 - INFO - \U0001f4e6 Parsed card: Appartement à vendre 256 m² à Tanger
2026-04-28 11:48:11,976 - INFO - \U0001f4e6 Parsed card: Appartement à vendre à Settat, prix 28 millions
2026-04-28 11:48:12,005 - INFO - \U0001f4e6 Parsed card: Appartement Avec Terrasse à vendre à Tamraght
2026-04-28 11:48:12,033 - INFO - \U0001f4e6 Parsed card: Appartement à vendre 120 m² à Tanger
2026-04-28 11:48:12,061 - INFO - \U0001f4e6 Parsed card: Appartement à vendre 84 m² à Meknès
2026-04-28 11:48:12,089 - INFO - \U0001f4e6 Parsed card: Appartement de 73 mètres dans un immeuble de seulement 6 appartements
2026-04-28 11:48:12,117 - INFO - \U0001f4e6 Parsed card: Appartement à vendre 176 m² à Tanger
2026-04-28 11:48:12,145 - INFO - \U0001f4e6 Parsed card: Appartement à vendre 70 m² à Tanger
2026-04-28 11:48:12,172 - INFO - \U0001f4e6 Parsed card: À vendre appartement de luxe à malabata hills
2026-04-28 11:48:12,200 - INFO - \U0001f4e6 Parsed card: Appartement à vendre 68 m² à Kénitra
2026-04-28 11:48:12,229 - INFO - \U0001f4e6 Parsed card: Appartement au premier étage, résidence Saada
2026-04-28 11:48:12,259 - INFO - \U0001f4e6 Parsed card: En face des Forces Auxiliaires
2026-04-28 11:48:12,299 - INFO - \U0001f4e6 Parsed card: Appartement à vendre 90 m² à Casablanca
2026-04-28 11:48:12,333 - INFO - \U0001f4e6 Parsed card: Appartement à vendre résidence Halima 1 38 millions
2026-04-28 11:48:12,389 - INFO - \U0001f4e6 Parsed card: Appartement à vendre 95 m² à Kénitra
2026-04-28 11:48:12,441 - INFO - \U0001f4e6 Parsed card: Appartement à vendre 70 m² à Kénitra
2026-04-28 11:48:12,491 - INFO - \U0001f4e6 Parsed card: Appartement à vendre 90 m² à Kénitra
2026-04-28 11:48:12,522 - INFO - \U0001f4e6 Parsed card: Appartement à vendre 80 m² à Kénitra
2026-04-28 11:48:12,560 - INFO - \U0001f4e6 Parsed card: Appartement 124 m² – Centre Ville, Tanger
2026-04-28 11:48:12,596 - INFO - \U0001f4e6 Parsed card: Appartement à vendre 90 m² à Kénitra
2026-04-28 11:48:15,849 - INFO - \u27a1\ufe0f Moved to next page
2026-04-28 11:48:18,073 - INFO - \U0001f4be Data saved to staging\row_data.csv
2026-04-28 11:48:18,073 - INFO - \U0001f3c1 Scraping finished successfully
2026-04-28 11:51:23,097 - INFO - \U0001f680 Scraping script started
2026-04-28 11:51:24,920 - INFO - \U0001f310 Chrome opened Avito page
2026-04-28 11:51:24,920 - INFO - \U0001f4c4 Scraping page 1
2026-04-28 11:51:25,925 - INFO - \U0001f4dc Scrolled page (1/3)
2026-04-28 11:51:26,934 - INFO - \U0001f4dc Scrolled page (2/3)
2026-04-28 11:51:27,945 - INFO - \U0001f4dc Scrolled page (3/3)
2026-04-28 11:51:27,959 - INFO - \U0001f50e Cards found: 0
2026-04-28 11:51:27,964 - WARNING - \u26a0\ufe0f Next page failed: list index out of range
2026-04-28 11:51:27,964 - INFO - \U0001f3c1 No more pages - stopping
2026-04-28 11:51:30,072 - INFO - \U0001f4be Data saved to C:\Users\user\Desktop\scrap\staging\row_data.csv
2026-04-28 11:51:30,073 - INFO - \U0001f3c1 Scraping finished successfully
2026-04-28 11:51:33,031 - INFO - \U0001f680 Scraping script started
2026-04-28 11:51:34,274 - INFO - \U0001f310 Chrome opened Avito page
2026-04-28 11:51:34,274 - INFO - \U0001f4c4 Scraping page 1
2026-04-28 11:51:35,278 - INFO - \U0001f4dc Scrolled page (1/3)
2026-04-28 11:51:36,287 - INFO - \U0001f4dc Scrolled page (2/3)
2026-04-28 11:51:47,034 - INFO - \U0001f680 Scraping script started
2026-04-28 11:51:48,758 - INFO - \U0001f310 Chrome opened Avito page
2026-04-28 11:51:48,758 - INFO - \U0001f4c4 Scraping page 1
2026-04-28 11:51:49,792 - INFO - \U0001f4dc Scrolled page (1/3)
2026-04-28 11:51:50,799 - INFO - \U0001f4dc Scrolled page (2/3)
2026-04-28 11:51:51,812 - INFO - \U0001f4dc Scrolled page (3/3)
2026-04-28 11:51:51,833 - INFO - \U0001f50e Cards found: 38
2026-04-28 11:51:51,873 - INFO - \U0001f4e6 Parsed card: Appartement neuf et moderne sur la corniche
2026-04-28 11:51:51,924 - INFO - \U0001f4e6 Parsed card: 2 Appartements moyen standing à vendre – Benguerir
2026-04-28 11:51:51,960 - INFO - \U0001f4e6 Parsed card: Appartement à Atlas golf Resort à Marrakech
2026-04-28 11:51:51,996 - INFO - \U0001f4e6 Parsed card: RBA-YA-1053 - Appartement à vendre à Hay El Menzah
2026-04-28 11:51:52,027 - INFO - \U0001f4e6 Parsed card: Appartement à vendre 150 m² à Rabat
2026-04-28 11:51:52,057 - INFO - \U0001f4e6 Parsed card: Appart résidence piscine près Mc Do et Amoud
2026-04-28 11:51:52,086 - INFO - \U0001f4e6 Parsed card: Appart. 3 ch Safa Mandarona à coté Bd al qods
2026-04-28 11:51:52,115 - INFO - \U0001f4e6 Parsed card: Appartement à vendre – Quartier Marjane, Tanger
2026-04-28 11:51:52,147 - INFO - \U0001f4e6 Parsed card: Appart Duplex 250m A Résidence Andalousia
2026-04-28 11:51:52,176 - INFO - \U0001f4e6 Parsed card: Appart 3ch salon 87m2 près Sup de co
2026-04-28 11:51:52,205 - INFO - \U0001f4e6 Parsed card: Appartement à rénover avec fort potentiel - Maarif
2026-04-28 11:51:52,235 - INFO - \U0001f4e6 Parsed card: À vendre – Appartement haut standing à Bir Rami
2026-04-28 11:51:52,265 - INFO - \U0001f4e6 Parsed card: Appartement terrasse 4ème étage quartier BURGER
2026-04-28 11:51:52,295 - INFO - \U0001f4e6 Parsed card: APPARTEMENT À VENDRE AU CŒUR DE GUELIZ
2026-04-28 11:51:52,323 - INFO - \U0001f4e6 Parsed card: Studio à vendre 58 m² à Marrakech
2026-04-28 11:51:52,352 - INFO - \U0001f4e6 Parsed card: Appart 142m Haut Standing A Maarif Ex
2026-04-28 11:51:52,395 - INFO - \U0001f4e6 Parsed card: Studios & Appartements à partir de 65 Millions
2026-04-28 11:51:52,421 - INFO - \U0001f4e6 Parsed card: Appartement 170m A Ville Vert Bouskoura
2026-04-28 11:51:52,447 - INFO - \U0001f4e6 Parsed card: Appartement à vendre 157 m² à Casablanca
2026-04-28 11:51:52,474 - INFO - \U0001f4e6 Parsed card: Appartement à vendre 97 m² à Casablanca
2026-04-28 11:51:52,501 - INFO - \U0001f4e6 Parsed card: Appart 131m2 a vendre
2026-04-28 11:51:52,528 - INFO - \U0001f4e6 Parsed card: Appartement à vendre 100 m² à Fès
2026-04-28 11:51:52,556 - INFO - \U0001f4e6 Parsed card: Appartement à vendre 118 m² à Casablanca
2026-04-28 11:51:52,583 - INFO - \U0001f4e6 Parsed card: Appartement 3 Chambre vente à Quartier CFC
2026-04-28 11:51:52,614 - INFO - \U0001f4e6 Parsed card: Appartement Haut Standing Wifak
2026-04-28 11:51:52,642 - INFO - \U0001f4e6 Parsed card: Appartement à vendre 111 m² à Marrakech
2026-04-28 11:51:52,674 - INFO - \U0001f4e6 Parsed card: BEN-MA-1119 - Appartement à vendre à Mansouria-B...
2026-04-28 11:51:52,707 - INFO - \U0001f4e6 Parsed card: CMN-ME-1691 - Appartement à vendre à 2 Mars
2026-04-28 11:51:52,735 - INFO - \U0001f4e6 Parsed card: Appartements 118m Haut Standing Maarif Ex
2026-04-28 11:51:52,820 - INFO - \U0001f4e6 Parsed card: À vendre un bel appartement
2026-04-28 11:51:52,847 - INFO - \U0001f4e6 Parsed card: Projet neuf – Studios Haut Standing à 5 min de CFC
2026-04-28 11:51:52,881 - INFO - \U0001f4e6 Parsed card: Superbe Appartement de 90m² - 880000dhs
2026-04-28 11:51:52,907 - INFO - \U0001f4e6 Parsed card: Appartement à vendre deux façades
2026-04-28 11:51:52,934 - INFO - \U0001f4e6 Parsed card: Studio idéal pour investissement 47m²
2026-04-28 11:51:52,967 - INFO - \U0001f4e6 Parsed card: Studio à vendre 33m² à Palmier
2026-04-28 11:51:52,994 - INFO - \U0001f4e6 Parsed card: CMN-MA-2450 - Appartement à vendre à Bd Anoual
2026-04-28 11:51:53,020 - INFO - \U0001f4e6 Parsed card: Appartement à vendre 100 m² à Marrakech
2026-04-28 11:51:53,087 - INFO - \U0001f4e6 Parsed card: Immeuble Haut standing à Yacoub Mansour
2026-04-28 11:51:58,624 - INFO - \u27a1\ufe0f Moved to next page
2026-04-28 11:51:58,624 - INFO - \U0001f4c4 Scraping page 2
2026-04-28 11:51:59,646 - INFO - \U0001f4dc Scrolled page (1/3)
2026-04-28 11:52:00,657 - INFO - \U0001f4dc Scrolled page (2/3)
2026-04-28 11:52:01,663 - INFO - \U0001f4dc Scrolled page (3/3)
2026-04-28 11:52:01,677 - INFO - \U0001f50e Cards found: 38
2026-04-28 11:52:01,711 - INFO - \U0001f4e6 Parsed card: Appartement à vendre 129 m² à Casablanca
2026-04-28 11:52:01,745 - INFO - \U0001f4e6 Parsed card: Appartement à vendre à Cabo Negro
2026-04-28 11:52:01,779 - INFO - \U0001f4e6 Parsed card: Duplex luxueux à vendre 318 m² à Racine
2026-04-28 11:52:01,813 - INFO - \U0001f4e6 Parsed card: Studio 49m Neuf Proche Tram Anoual
2026-04-28 11:52:01,848 - INFO - \U0001f4e6 Parsed card: À VENDRE 162M² BD ROUDANI – MAÂRIF
2026-04-28 11:52:01,885 - INFO - \U0001f4e6 Parsed card: Appart 105m A Résidence Casa Park Sidi Maarouf
2026-04-28 11:52:01,931 - INFO - \U0001f4e6 Parsed card: Appartement vue sur mer à vendre à Asilah
2026-04-28 11:52:01,988 - INFO - \U0001f4e6 Parsed card: Appartement 74 m² à ALMAZ
2026-04-28 11:52:02,033 - INFO - \U0001f4e6 Parsed card: Duplex Avec Cour Spacieuse En Résidence Fermée
2026-04-28 11:52:02,065 - INFO - \U0001f4e6 Parsed card: Appartement R plus deux // près de la faculté
2026-04-28 11:52:02,095 - INFO - \U0001f4e6 Parsed card: Appartement à vendre 154 m² à Rabat
2026-04-28 11:52:02,127 - INFO - \U0001f4e6 Parsed card: Appartement 3 ch bien situé
2026-04-28 11:52:02,163 - INFO - \U0001f4e6 Parsed card: Bel Appartement Moderne Aux Palmeraies À Vendre
2026-04-28 11:52:02,203 - INFO - \U0001f4e6 Parsed card: CMN-MA-2188 - Appartement à vendre à Racine
2026-04-28 11:52:02,238 - INFO - \U0001f4e6 Parsed card: Appartement 112 mètres, 3 façades avec soutien
2026-04-28 11:52:02,274 - INFO - \U0001f4e6 Parsed card: CMN-AN-1884 - Appartement à vendre à Bourgogne
2026-04-28 11:52:02,312 - INFO - \U0001f4e6 Parsed card: Appart 68m Maarif Ex Près Carrefour Yacoub
2026-04-28 11:52:02,367 - INFO - \U0001f4e6 Parsed card: CMN-ME-1690 - Appartement à vendre à 2 Mars
2026-04-28 11:52:02,412 - INFO - \U0001f4e6 Parsed card: Appartement à vendre
2026-04-28 11:52:02,461 - INFO - \U0001f4e6 Parsed card: Vente Urgente Appartement Économique AinChock Lamkansa4
2026-04-28 11:52:02,503 - INFO - \U0001f4e6 Parsed card: Appartement à Mohammedia au quartier du Parc
2026-04-28 11:52:02,540 - INFO - \U0001f4e6 Parsed card: DES Appartements de 109 m² à Victoria - BOUSKOURA
2026-04-28 11:52:02,577 - INFO - \U0001f4e6 Parsed card: Excellent appartement à vendre de 100m² dans le quartier Moulay Abdellah
2026-04-28 11:52:02,608 - INFO - \U0001f4e6 Parsed card: \U0001f48e L'OPPORTUNITÉ GUÉLIZ-SEMLALIA 57 m²
2026-04-28 11:52:02,641 - INFO - \U0001f4e6 Parsed card: Lancement projets appartements près Mahatta Jadida
2026-04-28 11:52:02,677 - INFO - \U0001f4e6 Parsed card: 3 Chambres à vendre 112 m² à Californie
2026-04-28 11:52:02,709 - INFO - \U0001f4e6 Parsed card: CMN-AC-2063 - Appartement à vendre à Sidi Maarouf
2026-04-28 11:52:02,739 - INFO - \U0001f4e6 Parsed card: 2 Appartements moyen standing à vendre – Benguerir
2026-04-28 11:52:02,765 - INFO - \U0001f4e6 Parsed card: Appartement à vendre 90 m² Limoune à Ouled Teïma
2026-04-28 11:52:02,792 - INFO - \U0001f4e6 Parsed card: CMN-HA-1859 - Appartement à vendre à Beauséjour
2026-04-28 11:52:02,818 - INFO - \U0001f4e6 Parsed card: Appt 3 ch salon à vendre à Val Fleuri
2026-04-28 11:52:02,844 - INFO - \U0001f4e6 Parsed card: Offre d'appartement à vendre entre la route de Rabat et Kzennaya
2026-04-28 11:52:02,870 - INFO - \U0001f4e6 Parsed card: Appartement meublé 3 chambres à vendre Tanger
2026-04-28 11:52:02,896 - INFO - \U0001f4e6 Parsed card: 3 Chambres à vendre 143 m² à Californie
2026-04-28 11:52:02,923 - INFO - \U0001f4e6 Parsed card: CMN-AN-1875 - Appartement à vendre à Bourgogne
2026-04-28 11:52:02,950 - INFO - \U0001f4e6 Parsed card: Appartement en vente 61m² à Gueliz Piscine Rooftop
2026-04-28 11:52:02,976 - INFO - \U0001f4e6 Parsed card: CMN-MA-2478 - Appartement à vendre à Burger
2026-04-28 11:52:03,006 - INFO - \U0001f4e6 Parsed card: Appartement à vendre 60 m² à Marrakech
2026-04-28 11:52:06,704 - INFO - \u27a1\ufe0f Moved to next page
2026-04-28 11:52:06,704 - INFO - \U0001f4c4 Scraping page 3
2026-04-28 11:52:07,734 - INFO - \U0001f4dc Scrolled page (1/3)
2026-04-28 11:52:08,743 - INFO - \U0001f4dc Scrolled page (2/3)
2026-04-28 11:52:09,759 - INFO - \U0001f4dc Scrolled page (3/3)
2026-04-28 11:52:09,772 - INFO - \U0001f50e Cards found: 38
2026-04-28 11:52:09,801 - INFO - \U0001f4e6 Parsed card: Appartement neuf et moderne sur la corniche
2026-04-28 11:52:09,831 - INFO - \U0001f4e6 Parsed card: Appartement à vendre 79 m² à Mohammedia
2026-04-28 11:52:09,861 - INFO - \U0001f4e6 Parsed card: Appartement à vendre, 2 Mars Casablanca
2026-04-28 11:52:09,887 - INFO - \U0001f4e6 Parsed card: Appartement 2 chambres corniche investisseurs airbnb
2026-04-28 11:52:09,915 - INFO - \U0001f4e6 Parsed card: Appartement à vendre 51 m² à Casablanca
2026-04-28 11:52:09,943 - INFO - \U0001f4e6 Parsed card: Superbe appartement à vendre dans le quartier Golf, route des Rmilat
2026-04-28 11:52:09,970 - INFO - \U0001f4e6 Parsed card: Appartements à vendre 56 m² à Marrakech
2026-04-28 11:52:09,998 - INFO - \U0001f4e6 Parsed card: Superbe appartement à Dar Bouazza
2026-04-28 11:52:10,027 - INFO - \U0001f4e6 Parsed card: Appartement Rénové Sécurisé 1er Étage Ensoleillé Bd Roudani
2026-04-28 11:52:10,055 - INFO - \U0001f4e6 Parsed card: Studio-Neuf/JamaisHabité/ 62M²/Tram Busway Ghandi
2026-04-28 11:52:10,115 - INFO - \U0001f4e6 Parsed card: A vendre un appart de 4 chambres sans voisins
2026-04-28 11:52:10,147 - INFO - \U0001f4e6 Parsed card: Appartement neuf à vendre 71 m² à Marrakech
2026-04-28 11:52:10,180 - INFO - \U0001f4e6 Parsed card: Appartement à vendre 85 m² à Sidi Rahal
2026-04-28 11:52:10,207 - INFO - \U0001f4e6 Parsed card: Appartement à vendre 74 m² à Casablanca
2026-04-28 11:52:10,234 - INFO - \U0001f4e6 Parsed card: Appartement d’exception à vendre au cœur d’Agdal
2026-04-28 11:52:10,262 - INFO - \U0001f4e6 Parsed card: Appartement à vendre 104 m² à Mohammedia
2026-04-28 11:52:10,289 - INFO - \U0001f4e6 Parsed card: Appartement à vendre opportunité unique à Saïd Hajji – Salé
2026-04-28 11:52:10,314 - INFO - \U0001f4e6 Parsed card: Duplex meublé à vendre près du stade Ibn Batouta
2026-04-28 11:52:10,338 - INFO - \U0001f4e6 Parsed card: Appartement à vendre 87 m² à Casablanca
2026-04-28 11:52:10,366 - INFO - \U0001f4e6 Parsed card: Appartement à vendre 136 m² à Casablanca
2026-04-28 11:52:10,392 - INFO - \U0001f4e6 Parsed card: Excellents appartements à vendre
2026-04-28 11:52:10,417 - INFO - \U0001f4e6 Parsed card: Appartement traversant avec vue mer–Dernier étage
2026-04-28 11:52:10,443 - INFO - \U0001f4e6 Parsed card: À VENDRE APPARTEMENT SALON 3 CHAMBRES 70m2
2026-04-28 11:52:10,469 - INFO - \U0001f4e6 Parsed card: Spacieux appartement deux façades Belvédère
2026-04-28 11:52:10,494 - INFO - \U0001f4e6 Parsed card: Neuf Appartement à vendre 63 m² à Agadir
2026-04-28 11:52:10,519 - INFO - \U0001f4e6 Parsed card: Studio meublé à vendre vue piscine
2026-04-28 11:52:10,544 - INFO - \U0001f4e6 Parsed card: Appart 114m2 de 3 ch salon à Rouidate
2026-04-28 11:52:10,572 - INFO - \U0001f4e6 Parsed card: Appartement à vendre 102 m² à Agadir
2026-04-28 11:52:10,598 - INFO - \U0001f4e6 Parsed card: Appartement 109 m² à Salé en cours de construction
2026-04-28 11:52:10,626 - INFO - \U0001f4e6 Parsed card: Appartement Excellente finition Très ensoleillé
2026-04-28 11:52:10,651 - INFO - \U0001f4e6 Parsed card: Appartement 2 ch à vendre vue sur mer
2026-04-28 11:52:10,676 - INFO - \U0001f4e6 Parsed card: RACINE Superbe Appartement Rénové à Vendre 265m²
2026-04-28 11:52:10,702 - INFO - \U0001f4e6 Parsed card: Appart 93 m² à Salé en cours de construction
2026-04-28 11:52:10,728 - INFO - \U0001f4e6 Parsed card: Appart 97 m² à Salé en cours de construction
2026-04-28 11:52:10,753 - INFO - \U0001f4e6 Parsed card: Duplex à vendre 124 m² à Targa 11000 dhs m2
2026-04-28 11:52:10,778 - INFO - \U0001f4e6 Parsed card: Appartement à vendre 118m² La Perle du Sahara Dakhla
2026-04-28 11:52:10,804 - INFO - \U0001f4e6 Parsed card: Appartement Meublé à vendre à l'Houda
2026-04-28 11:52:10,829 - INFO - \U0001f4e6 Parsed card: Appartement avec terrasse\U0001f60d à vendre à Hay Azdehar
2026-04-28 11:52:14,750 - INFO - \u27a1\ufe0f Moved to next page
2026-04-28 11:52:14,750 - INFO - \U0001f4c4 Scraping page 4
2026-04-28 11:52:15,769 - INFO - \U0001f4dc Scrolled page (1/3)
2026-04-28 11:52:16,779 - INFO - \U0001f4dc Scrolled page (2/3)
2026-04-28 11:52:17,794 - INFO - \U0001f4dc Scrolled page (3/3)
2026-04-28 11:52:17,808 - INFO - \U0001f50e Cards found: 38
2026-04-28 11:52:17,838 - INFO - \U0001f4e6 Parsed card: Appartement en vente 61m² à Gueliz Piscine Rooftop
2026-04-28 11:52:17,870 - INFO - \U0001f4e6 Parsed card: Appartement à vendre à Sonaba
2026-04-28 11:52:17,901 - INFO - \U0001f4e6 Parsed card: Appartement ensoleillé dans un endroit magnifique près du golf
2026-04-28 11:52:17,929 - INFO - \U0001f4e6 Parsed card: RACINE Superbe Appartement Rénové à Vendre 265m²
2026-04-28 11:52:17,959 - INFO - \U0001f4e6 Parsed card: Appartement Excellente finition Très ensoleillé
2026-04-28 11:52:17,986 - INFO - \U0001f4e6 Parsed card: \U0001f60d Appartement rénové avec belle vue
2026-04-28 11:52:18,015 - INFO - \U0001f4e6 Parsed card: A vendre un joli appartement de 3 chambres
2026-04-28 11:52:18,044 - INFO - \U0001f4e6 Parsed card: Apt Neuf 3 Chambres 1Salon roudani Maarif
2026-04-28 11:52:18,074 - INFO - \U0001f4e6 Parsed card: Appartement à vendre à Hay Salam Oujda
2026-04-28 11:52:18,125 - INFO - \U0001f4e6 Parsed card: Magnifique studio à vendre palmier
2026-04-28 11:52:18,159 - INFO - \U0001f4e6 Parsed card: Appartement à vendre 98 m² à Marrakech
2026-04-28 11:52:18,189 - INFO - \U0001f4e6 Parsed card: Appart. 3 façades 78 m2 sidi Maarof à côté Worod
2026-04-28 11:52:18,216 - INFO - \U0001f4e6 Parsed card: Duplex RDC 47 m² en vente - piscine Rooftop
2026-04-28 11:52:18,243 - INFO - \U0001f4e6 Parsed card: TRIANGLE D’OR BEL APPT A VENDRE AVEC TERRASSE
2026-04-28 11:52:18,270 - INFO - \U0001f4e6 Parsed card: Appartement à vendre au parc mohammedia
2026-04-28 11:52:18,298 - INFO - \U0001f4e6 Parsed card: Appartement 66 m² à Hay Nakhil Oujda
2026-04-28 11:52:18,325 - INFO - \U0001f4e6 Parsed card: A VENDRE APPARTEMENTS NEUFS AVEC TITRES FONCIERS
2026-04-28 11:52:18,350 - INFO - \U0001f4e6 Parsed card: Appartement en vente 65m² à Gueliz-Piscine Rooftop
2026-04-28 11:52:18,376 - INFO - \U0001f4e6 Parsed card: Appartement à vendre 149 m² à Casablanca
2026-04-28 11:52:18,400 - INFO - \U0001f4e6 Parsed card: Studio Avec Terrasse À Vendre Sur La Rte De Casa
2026-04-28 11:52:18,426 - INFO - \U0001f4e6 Parsed card: Habit immobilier met en vente un joli studio
2026-04-28 11:52:18,452 - INFO - \U0001f4e6 Parsed card: Duplex à vendre avec piscine proche Guéliz
2026-04-28 11:52:18,477 - INFO - \U0001f4e6 Parsed card: Nouveau Projet Au Centre Avec Piscine
2026-04-28 11:52:18,501 - INFO - \U0001f4e6 Parsed card: Studio neuf 41 m2 à vendre Roche Noires
2026-04-28 11:52:18,527 - INFO - \U0001f4e6 Parsed card: Appartement vue sur la gare routière sans intermédiaire
2026-04-28 11:52:18,552 - INFO - \U0001f4e6 Parsed card: Magnifique penthouse à vendre ou à louer à Wifac
2026-04-28 11:52:18,581 - INFO - \U0001f4e6 Parsed card: Bel appartement neuf à vendre à Oasis
2026-04-28 11:52:18,605 - INFO - \U0001f4e6 Parsed card: MAÂRIF JOLI APPARTEMENT 109 m² À VENDRE
2026-04-28 11:52:18,632 - INFO - \U0001f4e6 Parsed card: Appart 118 m² Étage 3 Sidi Maarouf
2026-04-28 11:52:18,658 - INFO - \U0001f4e6 Parsed card: Appartement à vendre 75 m² à Casablanca
2026-04-28 11:52:18,683 - INFO - \U0001f4e6 Parsed card: DUPLEX D'EXCEPTION Vue MER à vendre MARINA Casa
2026-04-28 11:52:18,708 - INFO - \U0001f4e6 Parsed card: Appartement à vendre 100 m² à Marrakech
2026-04-28 11:52:18,734 - INFO - \U0001f4e6 Parsed card: Bel appartement à vendre
2026-04-28 11:52:18,759 - INFO - \U0001f4e6 Parsed card: Appartement à Assilah
2026-04-28 11:52:18,784 - INFO - \U0001f4e6 Parsed card: Appartement à vendre Sable d'Or à Harhoura
2026-04-28 11:52:18,816 - INFO - \U0001f4e6 Parsed card: Vente appartement à samlalia
2026-04-28 11:52:18,843 - INFO - \U0001f4e6 Parsed card: Appartement à vendre 48m² à Gueliz - Piscine Rooftop
2026-04-28 11:52:18,870 - INFO - \U0001f4e6 Parsed card: Appartement à vendre sur la route de Safi près de MacDo
2026-04-28 11:52:22,176 - INFO - \u27a1\ufe0f Moved to next page
2026-04-28 11:52:22,176 - INFO - \U0001f4c4 Scraping page 5
2026-04-28 11:52:23,193 - INFO - \U0001f4dc Scrolled page (1/3)
2026-04-28 11:52:24,206 - INFO - \U0001f4dc Scrolled page (2/3)
2026-04-28 11:52:25,219 - INFO - \U0001f4dc Scrolled page (3/3)
2026-04-28 11:52:25,231 - INFO - \U0001f50e Cards found: 38
2026-04-28 11:52:25,264 - INFO - \U0001f4e6 Parsed card: Appartement à vendre 90 m² à Mohammedia
2026-04-28 11:52:25,296 - INFO - \U0001f4e6 Parsed card: Appartement à vendre 65 m² à Martil
2026-04-28 11:52:25,326 - INFO - \U0001f4e6 Parsed card: Appartement à vendre près du complexe Hassani
2026-04-28 11:52:25,356 - INFO - \U0001f4e6 Parsed card: Meilleur invest Studio Neuf 62M Tram Busway Ghandi
2026-04-28 11:52:25,386 - INFO - \U0001f4e6 Parsed card: Appartement en vent 51m² à Gueliz-Piscine Rooftop
2026-04-28 11:52:25,417 - INFO - \U0001f4e6 Parsed card: Appartement neuf avec ascenseur et parking
2026-04-28 11:52:25,450 - INFO - \U0001f4e6 Parsed card: Appartement à vendre 70 m² à Had Soualem
2026-04-28 11:52:25,486 - INFO - \U0001f4e6 Parsed card: Appartement Spacieux Avec Finitions Premium
2026-04-28 11:52:25,516 - INFO - \U0001f4e6 Parsed card: Appartement à vendre 61 m² à Marrakech
2026-04-28 11:52:25,550 - INFO - \U0001f4e6 Parsed card: Cozy Studio Duplex Meublé À Vendre À Victor Hugo
2026-04-28 11:52:25,581 - INFO - \U0001f4e6 Parsed card: Appartement à vendre Résidence noria 2 chambres
2026-04-28 11:52:25,611 - INFO - \U0001f4e6 Parsed card: À vendre appartement quartier Kenidi
2026-04-28 11:52:25,642 - INFO - \U0001f4e6 Parsed card: Projet Prestigieux avec piscine Route de Casa
2026-04-28 11:52:25,672 - INFO - \U0001f4e6 Parsed card: Appartement à vendre 117 m² à Marrakech
2026-04-28 11:52:25,704 - INFO - \U0001f4e6 Parsed card: Studio Neuf 53m2 Balcon Clim Riviera
2026-04-28 11:52:25,736 - INFO - \U0001f4e6 Parsed card: Résidence River Palm
2026-04-28 11:52:25,765 - INFO - \U0001f4e6 Parsed card: Appartement à vendre 92 m² à El Jadida
2026-04-28 11:52:25,792 - INFO - \U0001f4e6 Parsed card: appartement meublé à vendre
2026-04-28 11:52:25,821 - INFO - \U0001f4e6 Parsed card: PALMIER JOLI STUDIO NEUF AVEC TERRASSE À VENDRE
2026-04-28 11:52:25,849 - INFO - \U0001f4e6 Parsed card: Appartement à vendre à Temara
2026-04-28 11:52:25,878 - INFO - \U0001f4e6 Parsed card: LA PERLA BLANCA -E-8 25/56952
2026-04-28 11:52:25,905 - INFO - \U0001f4e6 Parsed card: Appartement à vendre 60 m² à Marrakech
2026-04-28 11:52:25,933 - INFO - \U0001f4e6 Parsed card: Studio Neuf 42m2 Balcon Garage Maarif
2026-04-28 11:52:25,974 - INFO - \U0001f4e6 Parsed card: Appartement à vendre
2026-04-28 11:52:26,015 - INFO - \U0001f4e6 Parsed card: Résidence Prestige 2, Quartier Al-Azhar
2026-04-28 11:52:26,080 - INFO - \U0001f4e6 Parsed card: Luxueux studio en vente a Gueliz pour AIRBNB
2026-04-28 11:52:26,123 - INFO - \U0001f4e6 Parsed card: Duplex moderne à vendre – 2 chambres Victor Hugo
2026-04-28 11:52:26,161 - INFO - \U0001f4e6 Parsed card: \U0001f3e0 L’EXCEPTION URBAINE Duplex 66 m² à Guéliz
2026-04-28 11:52:26,192 - INFO - \U0001f4e6 Parsed card: CMN-SI-1877 - Appartement à vendre à Bourgogne Est
2026-04-28 11:52:26,227 - INFO - \U0001f4e6 Parsed card: Appart lux 188m2 de 3ch 3sb à Gueliz
2026-04-28 11:52:26,258 - INFO - \U0001f4e6 Parsed card: Appart 76m2 près Mc Do et Marjane allal fassi
2026-04-28 11:52:26,290 - INFO - \U0001f4e6 Parsed card: Appart 78m2 avec terrasse en haut près Atacadao
2026-04-28 11:52:26,321 - INFO - \U0001f4e6 Parsed card: CMN-MA-2470 - Appartement à vendre à Les Hôpitaux
2026-04-28 11:52:26,355 - INFO - \U0001f4e6 Parsed card: Appartement à vendre 69 m² à Casablanca
2026-04-28 11:52:26,394 - INFO - \U0001f4e6 Parsed card: Appartement rénové proche gare, plage et zoo
2026-04-28 11:52:26,431 - INFO - \U0001f4e6 Parsed card: Duplex meublé au centre gueliz pour investissement
2026-04-28 11:52:26,461 - INFO - \U0001f4e6 Parsed card: appartement à vendre
2026-04-28 11:52:26,492 - INFO - \U0001f4e6 Parsed card: Appart. Haut stand. 78m2 Lot Al baraka Californie
2026-04-28 11:52:29,642 - INFO - \u27a1\ufe0f Moved to next page
2026-04-28 11:52:29,643 - INFO - \U0001f4c4 Scraping page 6
2026-04-28 11:52:30,665 - INFO - \U0001f4dc Scrolled page (1/3)
2026-04-28 11:52:31,675 - INFO - \U0001f4dc Scrolled page (2/3)
2026-04-28 11:52:32,690 - INFO - \U0001f4dc Scrolled page (3/3)
2026-04-28 11:52:32,703 - INFO - \U0001f50e Cards found: 38
2026-04-28 11:52:32,739 - INFO - \U0001f4e6 Parsed card: Magnifique Appartement à vendre 77 m² à Marrakech
2026-04-28 11:52:32,769 - INFO - \U0001f4e6 Parsed card: Appartement en vente 61m² à Gueliz Piscine Rooftop
2026-04-28 11:52:32,798 - INFO - \U0001f4e6 Parsed card: vente appartement moyen standing oulfa
2026-04-28 11:52:32,826 - INFO - \U0001f4e6 Parsed card: Appartement à vendre 88 m² à Mohammedia
2026-04-28 11:52:32,854 - INFO - \U0001f4e6 Parsed card: VENTE DIRECTE SUPERBES APPARTEMENTS
2026-04-28 11:52:32,887 - INFO - \U0001f4e6 Parsed card: Appartement à vendre riad Oulfa
2026-04-28 11:52:32,921 - INFO - \U0001f4e6 Parsed card: Appartement à vendre 104m² Amanar à Agadir
2026-04-28 11:52:32,954 - INFO - \U0001f4e6 Parsed card: Appartement meublé à vendre azzouzia bon état
2026-04-28 11:52:32,982 - INFO - \U0001f4e6 Parsed card: Appartement à vendre rue Royal Army
2026-04-28 11:52:33,009 - INFO - \U0001f4e6 Parsed card: Appartement 74 m², ascenseur, syndic, déclaration totale
2026-04-28 11:52:33,036 - INFO - \U0001f4e6 Parsed card: Appartement à vendre 88 m² à Dar Bouazza
2026-04-28 11:52:33,069 - INFO - \U0001f4e6 Parsed card: Appartement haut standing 138 m2 Al Maz
2026-04-28 11:52:33,098 - INFO - \U0001f4e6 Parsed card: Grand Appartement Mhamid Avenue Nakhil
2026-04-28 11:52:33,125 - INFO - \U0001f4e6 Parsed card: Appartement avec jacuzzi à vendre à Prestigia
2026-04-28 11:52:33,157 - INFO - \U0001f4e6 Parsed card: Appartement à vendre 54 m² à Casablanca
2026-04-28 11:52:33,192 - INFO - \U0001f4e6 Parsed card: Appart.H.ST 87m2 Hay.chrifa près Bd qods
2026-04-28 11:52:33,223 - INFO - \U0001f4e6 Parsed card: Appartement vue mer Anza Miftah Sahil meublé
2026-04-28 11:52:33,250 - INFO - \U0001f4e6 Parsed card: Appartement à vendre 73m² La Perle Bleue à Dakhla
2026-04-28 11:52:33,277 - INFO - \U0001f4e6 Parsed card: CMN-SI-1879 - Appartement à vendre à Ziraoui
2026-04-28 11:52:33,302 - INFO - \U0001f4e6 Parsed card: Appartement meublé 76 m ascenseur syndic sur la rue
2026-04-28 11:52:33,327 - INFO - \U0001f4e6 Parsed card: Appartement à vendre 129 m² à Casablanca
2026-04-28 11:52:33,354 - INFO - \U0001f4e6 Parsed card: Appartement à vendre 50 m² à Marrakech
2026-04-28 11:52:33,381 - INFO - \U0001f4e6 Parsed card: Appartement à vendre 123 m² à Casablanca
2026-04-28 11:52:33,409 - INFO - \U0001f4e6 Parsed card: Appartement avec terrasse 118 m², ascenseur, syndic, 3 minutes de la gare
2026-04-28 11:52:33,441 - INFO - \U0001f4e6 Parsed card: Appartement à vendre au quatrième étage, excellent emplacement
2026-04-28 11:52:33,473 - INFO - \U0001f4e6 Parsed card: Appartement 4 pièces 2 salles de bain ascenseur syndic sur la rue
2026-04-28 11:52:33,501 - INFO - \U0001f4e6 Parsed card: Appartement Massira 1 Ahbass 4ème étage
2026-04-28 11:52:33,531 - INFO - \U0001f4e6 Parsed card: Appartement 2 terrasses 196 m ascenseur syndic déclaration totale
2026-04-28 11:52:33,557 - INFO - \U0001f4e6 Parsed card: Appartement à vendre 165 m² à Casablanca
2026-04-28 11:52:33,582 - INFO - \U0001f4e6 Parsed card: Appartement à vendre à Kénitra
2026-04-28 11:52:33,606 - INFO - \U0001f4e6 Parsed card: Appartement à vendre105m²Les Jardins de la Coupole
2026-04-28 11:52:33,632 - INFO - \U0001f4e6 Parsed card: Appartement à vendre 95 m² à Marrakech
2026-04-28 11:52:33,661 - INFO - \U0001f4e6 Parsed card: Appartement à vendre 95 m² à Marrakech palmeraie
2026-04-28 11:52:33,703 - INFO - \U0001f4e6 Parsed card: Appartement 140m² à Vendre -Quartier Administratif
2026-04-28 11:52:33,737 - INFO - \U0001f4e6 Parsed card: Appartement Ensoleillé à vendre 50 m² à Tamensourt
2026-04-28 11:52:33,766 - INFO - \U0001f4e6 Parsed card: CMN-MA-1866 - Appartement à vendre à Les princesses
2026-04-28 11:52:33,795 - INFO - \U0001f4e6 Parsed card: Appartement de 110 m² à vendre à Castilla – Tanger
2026-04-28 11:52:33,822 - INFO - \U0001f4e6 Parsed card: Appartement à vendre 136 m² à Marrakech
2026-04-28 11:52:37,249 - INFO - \u27a1\ufe0f Moved to next page
2026-04-28 11:52:37,249 - INFO - \U0001f4c4 Scraping page 7
2026-04-28 11:52:38,261 - INFO - \U0001f4dc Scrolled page (1/3)
2026-04-28 11:52:39,274 - INFO - \U0001f4dc Scrolled page (2/3)
2026-04-28 11:52:40,291 - INFO - \U0001f4dc Scrolled page (3/3)
2026-04-28 11:52:40,297 - INFO - \U0001f50e Cards found: 38
2026-04-28 11:52:40,329 - INFO - \U0001f4e6 Parsed card: Magnifique Appartement à vendre 77 m² à Marrakech
2026-04-28 11:52:40,359 - INFO - \U0001f4e6 Parsed card: Appartement 112 m² – 8e étage – Riad Tétouan
2026-04-28 11:52:40,390 - INFO - \U0001f4e6 Parsed card: Appartement à vendre Hivernage marrakech
2026-04-28 11:52:40,419 - INFO - \U0001f4e6 Parsed card: Superbe studio 56 m² à saisir à Marrakech
2026-04-28 11:52:40,448 - INFO - \U0001f4e6 Parsed card: Appartement 3 chambres à Oued Aliane - 2 façades
2026-04-28 11:52:40,478 - INFO - \U0001f4e6 Parsed card: Appartement neuf et moderne sur la corniche
2026-04-28 11:52:40,510 - INFO - \U0001f4e6 Parsed card: Appartement à vendre 76 m² à Marrakech
2026-04-28 11:52:40,540 - INFO - \U0001f4e6 Parsed card: Spacieux Appartement 2 Chambres à la Vente Guéliz
2026-04-28 11:52:40,570 - INFO - \U0001f4e6 Parsed card: Appartement à vendre 126 m² à ain ktiouit Tanger
2026-04-28 11:52:40,600 - INFO - \U0001f4e6 Parsed card: Appartement excellent 64 mètres avec soutien financier
2026-04-28 11:52:40,629 - INFO - \U0001f4e6 Parsed card: CMN-AC-2017 - Appartement à vendre à Californie
2026-04-28 11:52:40,661 - INFO - \U0001f4e6 Parsed card: Studio de 59m² à vendre à Ain Sebaa
2026-04-28 11:52:40,690 - INFO - \U0001f4e6 Parsed card: Bel appartement en vente bd 2 mars
2026-04-28 11:52:40,722 - INFO - \U0001f4e6 Parsed card: A vendre appartement de 78 m2 avec balcon
2026-04-28 11:52:40,755 - INFO - \U0001f4e6 Parsed card: Très beau 3ch au Maarif Extension
2026-04-28 11:52:40,784 - INFO - \U0001f4e6 Parsed card: Duplex vue piscine et mer Taghazout Bay Taourt
2026-04-28 11:52:40,813 - INFO - \U0001f4e6 Parsed card: Appartement à vendre 100 m² à Essaouira
2026-04-28 11:52:40,841 - INFO - \U0001f4e6 Parsed card: CMN-SI-1881 - Appartement à vendre à Bourgogne Est
2026-04-28 11:52:40,868 - INFO - \U0001f4e6 Parsed card: BEN-MA-1118 - Appartement à vendre à Mansouria-B...
2026-04-28 11:52:40,895 - INFO - \U0001f4e6 Parsed card: Opportunité rare à Izdihar, Appartement à vendre
2026-04-28 11:52:40,923 - INFO - \U0001f4e6 Parsed card: Appartement 2 chambres à vendre - Sbata Ben M'sik
2026-04-28 11:52:40,951 - INFO - \U0001f4e6 Parsed card: Appartement en vente ain borja
2026-04-28 11:52:40,980 - INFO - \U0001f4e6 Parsed card: Appartement à vendre 52 m² à Casablanca
2026-04-28 11:52:41,008 - INFO - \U0001f4e6 Parsed card: Appartement neuf enregistré conservé Médina Errahma
2026-04-28 11:52:41,036 - INFO - \U0001f4e6 Parsed card: beau duplex en vente ain borja
2026-04-28 11:52:41,065 - INFO - \U0001f4e6 Parsed card: CMN-HA-1848 - Appartement à vendre à Lissasfa
2026-04-28 11:52:41,093 - INFO - \U0001f4e6 Parsed card: Appartement de luxe à vendre à Marina golf Asilah
2026-04-28 11:52:41,121 - INFO - \U0001f4e6 Parsed card: Appartement Mers Sultan 139 m² à Casablanca
2026-04-28 11:52:41,150 - INFO - \U0001f4e6 Parsed card: Appartement à Vendre 120 m² à Casablanca/A
2026-04-28 11:52:41,178 - INFO - \U0001f4e6 Parsed card: Grand appartement à vendre à Hay Riad
2026-04-28 11:52:41,204 - INFO - \U0001f4e6 Parsed card: Bel appartement en vente al fida
2026-04-28 11:52:41,233 - INFO - \U0001f4e6 Parsed card: Appartement à vendre 68 m² au maarif
2026-04-28 11:52:41,261 - INFO - \U0001f4e6 Parsed card: bel appartement en vente ain borja
2026-04-28 11:52:41,288 - INFO - \U0001f4e6 Parsed card: Appartement à vendre 90 m² centre ville Fès
2026-04-28 11:52:41,315 - INFO - \U0001f4e6 Parsed card: Appartement à vendre 59 m² à Ain Sebaa
2026-04-28 11:52:41,341 - INFO - \U0001f4e6 Parsed card: Bel appartement vente belvedere
2026-04-28 11:52:41,368 - INFO - \U0001f4e6 Parsed card: Bel appartement vente quartier des hôpitaux
2026-04-28 11:52:41,393 - INFO - \U0001f4e6 Parsed card: Grand bel appartement en vente Casablanca
2026-04-28 11:52:44,600 - INFO - \u27a1\ufe0f Moved to next page
2026-04-28 11:52:44,601 - INFO - \U0001f4c4 Scraping page 8
2026-04-28 11:52:45,620 - INFO - \U0001f4dc Scrolled page (1/3)
2026-04-28 11:52:46,629 - INFO - \U0001f4dc Scrolled page (2/3)
2026-04-28 11:52:47,638 - INFO - \U0001f4dc Scrolled page (3/3)
2026-04-28 11:52:47,648 - INFO - \U0001f50e Cards found: 38
2026-04-28 11:52:47,692 - INFO - \U0001f4e6 Parsed card: Appartement 112 m² – 8e étage – Riad Tétouan
2026-04-28 11:52:47,725 - INFO - \U0001f4e6 Parsed card: APPARTEMENT HAUT STANDING À RIVIERA
2026-04-28 11:52:47,757 - INFO - \U0001f4e6 Parsed card: Appartement à vendre 140 m² à PRESTIGIA
2026-04-28 11:52:47,787 - INFO - \U0001f4e6 Parsed card: Bel appartement de 73m² à Ain Sebaa
2026-04-28 11:52:47,815 - INFO - \U0001f4e6 Parsed card: Appartement 110 m² à Casablanca
2026-04-28 11:52:47,848 - INFO - \U0001f4e6 Parsed card: CMN-AC-1971 - Appartement à vendre à Sidi Maarouf
2026-04-28 11:52:47,879 - INFO - \U0001f4e6 Parsed card: Appartement à vendre de 78 m2 avec balcon
2026-04-28 11:52:47,910 - INFO - \U0001f4e6 Parsed card: CMN-MA-2404 - Appartement à vendre à Les princesses
2026-04-28 11:52:47,941 - INFO - \U0001f4e6 Parsed card: CMN-HA-1920 - Appartement à vendre à Oulfa
2026-04-28 11:52:47,974 - INFO - \U0001f4e6 Parsed card: bel appartement en vente 3 chambres 1 salon
2026-04-28 11:52:48,009 - INFO - \U0001f4e6 Parsed card: Grand appartement en vente à Ain Borja
2026-04-28 11:52:48,041 - INFO - \U0001f4e6 Parsed card: CMN-MA-1139 - Appartement à vendre à Val Fleurie
2026-04-28 11:52:48,072 - INFO - \U0001f4e6 Parsed card: Grand appartement en vente Ain Borja
2026-04-28 11:52:48,102 - INFO - \U0001f4e6 Parsed card: Beau studio en vente bd Anfa
2026-04-28 11:52:48,132 - INFO - \U0001f4e6 Parsed card: Bel appartement à vendre près du quartier Al Qods Bernoussi
2026-04-28 11:52:48,160 - INFO - \U0001f4e6 Parsed card: BIENVENUE À ALESIA
2026-04-28 11:52:48,186 - INFO - \U0001f4e6 Parsed card: Complexe Al Nour Tanger
2026-04-28 11:52:48,212 - INFO - \U0001f4e6 Parsed card: Très bel appartement 3Ch pieds sans l'eau
2026-04-28 11:52:48,240 - INFO - \U0001f4e6 Parsed card: Appartement à vendre 100 m² à Tanger
2026-04-28 11:52:48,268 - INFO - \U0001f4e6 Parsed card: Appartement à vendre à Ahla
2026-04-28 11:52:48,295 - INFO - \U0001f4e6 Parsed card: Appartement ensoleillé et spacieux
2026-04-28 11:52:48,324 - INFO - \U0001f4e6 Parsed card: Appartement trois chambres salon
2026-04-28 11:52:48,354 - INFO - \U0001f4e6 Parsed card: Appart à vendre 76 m² (Rez Chaussée) à Bouznika
2026-04-28 11:52:48,382 - INFO - \U0001f4e6 Parsed card: Appart à vendre 72 m² Izdihar Marrakech
2026-04-28 11:52:48,409 - INFO - \U0001f4e6 Parsed card: Excellent Appartements à vendre
2026-04-28 11:52:48,436 - INFO - \U0001f4e6 Parsed card: À vendre studio avec terrasse
2026-04-28 11:52:48,462 - INFO - \U0001f4e6 Parsed card: Appartement à vendre 67 m² à Asilah
2026-04-28 11:52:48,498 - INFO - \U0001f4e6 Parsed card: Appartement excellent à vendre à Haye Militaire, El Bustan, Meknes
2026-04-28 11:52:48,527 - INFO - \U0001f4e6 Parsed card: Appartement à vendre 64 m² à Tanger
2026-04-28 11:52:48,554 - INFO - \U0001f4e6 Parsed card: TNG-TA-1129 - Appartement à vendre à Msala
2026-04-28 11:52:48,583 - INFO - \U0001f4e6 Parsed card: Appartement au 4ème étage avec ascenseur à la résidence Jawharat Al Atlas
2026-04-28 11:52:48,611 - INFO - \U0001f4e6 Parsed card: Appartement luxueux à vendre au cœur de Tanger
2026-04-28 11:52:48,642 - INFO - \U0001f4e6 Parsed card: Appartement à vendre 174m2 à Mers Sultan
2026-04-28 11:52:48,669 - INFO - \U0001f4e6 Parsed card: Investissement rentable à 5 min de Gueliz.
2026-04-28 11:52:48,695 - INFO - \U0001f4e6 Parsed card: Appartement à vendre à Azib Haj Kaddour
2026-04-28 11:52:48,723 - INFO - \U0001f4e6 Parsed card: Appartement à vendre 120 m² à Guich des Oudayas
2026-04-28 11:52:48,751 - INFO - \U0001f4e6 Parsed card: Diar Alfath Lot 10 Taje 1
2026-04-28 11:52:48,779 - INFO - \U0001f4e6 Parsed card: Appartements à vendre près du café Russie
2026-04-28 11:52:51,721 - INFO - \u27a1\ufe0f Moved to next page
2026-04-28 11:52:51,721 - INFO - \U0001f4c4 Scraping page 9
2026-04-28 11:52:52,742 - INFO - \U0001f4dc Scrolled page (1/3)
2026-04-28 11:52:53,752 - INFO - \U0001f4dc Scrolled page (2/3)
2026-04-28 11:52:54,759 - INFO - \U0001f4dc Scrolled page (3/3)
2026-04-28 11:52:54,773 - INFO - \U0001f50e Cards found: 38
2026-04-28 11:52:54,804 - INFO - \U0001f4e6 Parsed card: Appartement Neuf 84 m² à Guéliz Avec Piscine
2026-04-28 11:52:54,833 - INFO - \U0001f4e6 Parsed card: Appartement à vendre 90 m² à Mohammedia
2026-04-28 11:52:54,862 - INFO - \U0001f4e6 Parsed card: Duplex familial - 269 m² - Ville verte
2026-04-28 11:52:54,890 - INFO - \U0001f4e6 Parsed card: Appartements de qualité à vendre
2026-04-28 11:52:54,918 - INFO - \U0001f4e6 Parsed card: Appartement à vendre
2026-04-28 11:52:54,947 - INFO - \U0001f4e6 Parsed card: Appartement de haut standing
2026-04-28 11:52:54,975 - INFO - \U0001f4e6 Parsed card: Bel Appartement dans la résidence Jardins Souss
2026-04-28 11:52:55,007 - INFO - \U0001f4e6 Parsed card: Appartement à vendre 70 m² à Essaouira
2026-04-28 11:52:55,038 - INFO - \U0001f4e6 Parsed card: Appartement sur R plus 2
2026-04-28 11:52:55,080 - INFO - \U0001f4e6 Parsed card: Bel appartement à vendre calme proche de tout
2026-04-28 11:52:55,116 - INFO - \U0001f4e6 Parsed card: Appartements Excellent a vendre
2026-04-28 11:52:55,153 - INFO - \U0001f4e6 Parsed card: Appartement à vendre 99 m² à Casablanca
2026-04-28 11:52:55,183 - INFO - \U0001f4e6 Parsed card: Studio à vendre à Palmier
2026-04-28 11:52:55,216 - INFO - \U0001f4e6 Parsed card: Appartement à vendre 122m² Casablanca Mers sultan
2026-04-28 11:52:55,243 - INFO - \U0001f4e6 Parsed card: Un appartement
2026-04-28 11:52:55,270 - INFO - \U0001f4e6 Parsed card: Appartement à Al Qods Bernoussi
2026-04-28 11:52:55,296 - INFO - \U0001f4e6 Parsed card: Appartement à vendre 64 m² à Casablanca
2026-04-28 11:52:55,320 - INFO - \U0001f4e6 Parsed card: Appartement à vendre 51 m² à Casablanca
2026-04-28 11:52:55,346 - INFO - \U0001f4e6 Parsed card: Bel appartement terrasse à Essaouira
2026-04-28 11:52:55,376 - INFO - \U0001f4e6 Parsed card: Appartements à vendre à Harhoura Valdor
2026-04-28 11:52:55,401 - INFO - \U0001f4e6 Parsed card: Appartement à vendre 50 m² à Casablanca
2026-04-28 11:52:55,425 - INFO - \U0001f4e6 Parsed card: Appartement à vendre 50 m² à Casablanca
2026-04-28 11:52:55,450 - INFO - \U0001f4e6 Parsed card: Appartement "Soumi Vini" dans un quartier chic près de la mosquée et sans intérêt
2026-04-28 11:52:55,475 - INFO - \U0001f4e6 Parsed card: Triplex de 200m² à 200m avenue ibn badis
2026-04-28 11:52:55,500 - INFO - \U0001f4e6 Parsed card: Appartement Mansour Tadamon
2026-04-28 11:52:55,526 - INFO - \U0001f4e6 Parsed card: Appartement à vendre 92 m² à boustane El Jadida
2026-04-28 11:52:55,554 - INFO - \U0001f4e6 Parsed card: Studio de Luxe Meublé à vendre
2026-04-28 11:52:55,579 - INFO - \U0001f4e6 Parsed card: Appartement spacieux 107 m² 3 chambres
2026-04-28 11:52:55,604 - INFO - \U0001f4e6 Parsed card: Appartement à vendre Iberia
2026-04-28 11:52:55,628 - INFO - \U0001f4e6 Parsed card: APPARTEMENT À VENDRE AV HASSAN 2
2026-04-28 11:52:55,652 - INFO - \U0001f4e6 Parsed card: Appartement à vendre
2026-04-28 11:52:55,677 - INFO - \U0001f4e6 Parsed card: Appartement à vendre 171 m² EL MENEZEH
2026-04-28 11:52:55,702 - INFO - \U0001f4e6 Parsed card: Appartement à vendre
2026-04-28 11:52:55,728 - INFO - \U0001f4e6 Parsed card: Superbe appartement à vendre, premier étage, 290 000 dirhams
2026-04-28 11:52:55,753 - INFO - \U0001f4e6 Parsed card: Appartement à vendre 75 m² à Essaouira
2026-04-28 11:52:55,787 - INFO - \U0001f4e6 Parsed card: Appartement À vendre à Témara Wifak 87m²
2026-04-28 11:52:55,815 - INFO - \U0001f4e6 Parsed card: Appartement à vendre 5 minutes de Hay Riad
2026-04-28 11:52:55,842 - INFO - \U0001f4e6 Parsed card: Appartement à vendre 140 m² à Bouznika
2026-04-28 11:52:59,098 - INFO - \u27a1\ufe0f Moved to next page
2026-04-28 11:52:59,098 - INFO - \U0001f4c4 Scraping page 10
2026-04-28 11:53:00,118 - INFO - \U0001f4dc Scrolled page (1/3)
2026-04-28 11:53:01,128 - INFO - \U0001f4dc Scrolled page (2/3)
2026-04-28 11:53:02,141 - INFO - \U0001f4dc Scrolled page (3/3)
2026-04-28 11:53:02,148 - INFO - \U0001f50e Cards found: 38
2026-04-28 11:53:02,178 - INFO - \U0001f4e6 Parsed card: Appartement à vendre 102 m² à Agadir
2026-04-28 11:53:02,205 - INFO - \U0001f4e6 Parsed card: Appartement "Soumi Vini" dans un quartier chic près de la mosquée et sans intérêt
2026-04-28 11:53:02,240 - INFO - \U0001f4e6 Parsed card: Appartement à vendre 65 m² à Martil
2026-04-28 11:53:02,273 - INFO - \U0001f4e6 Parsed card: Appartement à vendre 76 m² à Sidi Rahal
2026-04-28 11:53:02,303 - INFO - \U0001f4e6 Parsed card: Appt 92m2 ensoleillé sur Wafa
2026-04-28 11:53:02,332 - INFO - \U0001f4e6 Parsed card: APPARTEMENT À VENDRE À ABWAB GUELIZ
2026-04-28 11:53:02,360 - INFO - \U0001f4e6 Parsed card: Appartement à vendre 233 m² à Rabat
2026-04-28 11:53:02,386 - INFO - \U0001f4e6 Parsed card: Appartement neuf à vendre 136 m² à Harhoura Valdor
2026-04-28 11:53:02,414 - INFO - \U0001f4e6 Parsed card: Appartement à vendre 199 m² à Boulevard Zerktouni
2026-04-28 11:53:02,442 - INFO - \U0001f4e6 Parsed card: APPARTEMENT À VENDRE AU CŒUR DE GUELIZ
2026-04-28 11:53:02,468 - INFO - \U0001f4e6 Parsed card: Appartement à vendre
2026-04-28 11:53:02,496 - INFO - \U0001f4e6 Parsed card: Magnifique appartement meublé front de mer
2026-04-28 11:53:02,522 - INFO - \U0001f4e6 Parsed card: Appartement à vendre
2026-04-28 11:53:02,549 - INFO - \U0001f4e6 Parsed card: Tayssir Dhouha Kénitra
2026-04-28 11:53:02,578 - INFO - \U0001f4e6 Parsed card: Appartement à vendre 75 m² à Agadir
2026-04-28 11:53:02,609 - INFO - \U0001f4e6 Parsed card: Appt 2 ch double salon à vendre à Borgogne ouest
2026-04-28 11:53:02,635 - INFO - \U0001f4e6 Parsed card: Appartement à vendre, premier étage à Abwab Marrakech
2026-04-28 11:53:02,659 - INFO - \U0001f4e6 Parsed card: Appartement à vendre 70 m² au Vizir Center à Marrakech
2026-04-28 11:53:02,684 - INFO - \U0001f4e6 Parsed card: Appartements de qualité à vendre à Ain Atiq
2026-04-28 11:53:02,708 - INFO - \U0001f4e6 Parsed card: Appartement d’exception front mer- Tamaris Premium
2026-04-28 11:53:02,733 - INFO - \U0001f4e6 Parsed card: Appartement à vendre 83 m² à Ain sebaa
2026-04-28 11:53:02,758 - INFO - \U0001f4e6 Parsed card: Appartement à vendre 79m² à Ain Sebaa
2026-04-28 11:53:02,783 - INFO - \U0001f4e6 Parsed card: Appartement de luxe à vendre vue mer
2026-04-28 11:53:02,808 - INFO - \U0001f4e6 Parsed card: Appartement à vendre 140 m² la marina Casablanca
2026-04-28 11:53:02,834 - INFO - \U0001f4e6 Parsed card: Appartement en face Zone Villa
2026-04-28 11:53:02,858 - INFO - \U0001f4e6 Parsed card: Appartements de luxe à vendre avec vue sur mer
2026-04-28 11:53:02,883 - INFO - \U0001f4e6 Parsed card: APPARTEMENT RÉSIDENCE TAOUIRT TAGHAZOUT BAY
2026-04-28 11:53:02,908 - INFO - \U0001f4e6 Parsed card: Appartement à vendre 61 m² à Meknès
2026-04-28 11:53:02,934 - INFO - \U0001f4e6 Parsed card: appartement à Bahia Golf beach
2026-04-28 11:53:02,960 - INFO - \U0001f4e6 Parsed card: Appartement 2 chambres à vendre à Oulfa
2026-04-28 11:53:02,984 - INFO - \U0001f4e6 Parsed card: appartement meublé
2026-04-28 11:53:03,008 - INFO - \U0001f4e6 Parsed card: Appartement à louer 60 m² à Casablanca
2026-04-28 11:53:03,033 - INFO - \U0001f4e6 Parsed card: Appartement R+2//hawtta
2026-04-28 11:53:03,060 - INFO - \U0001f4e6 Parsed card: Appartement à vendre, 2 Mars Casablanca
2026-04-28 11:53:03,108 - INFO - \U0001f4e6 Parsed card: Appartement à vendre 82 m² à Kénitra
2026-04-28 11:53:03,153 - INFO - \U0001f4e6 Parsed card: Appartement de Luxe 270 m²–Hay Riad Rabat
2026-04-28 11:53:03,188 - INFO - \U0001f4e6 Parsed card: Appartements à vendre 137 m² à Marrakech
2026-04-28 11:53:03,217 - INFO - \U0001f4e6 Parsed card: Appartement RDC meublé 60m² Route de Guemassa
2026-04-28 11:53:10,141 - INFO - \u27a1\ufe0f Moved to next page
2026-04-28 11:53:12,360 - INFO - \U0001f4be Data saved to C:\Users\user\Desktop\scrap\staging\row_data.csv
2026-04-28 11:53:12,360 - INFO - \U0001f3c1 Scraping finished successfully
2026-04-28 14:57:58,888 - INFO - \U0001f680 Scraping script started
2026-04-28 14:58:01,651 - INFO - \U0001f310 Chrome opened Avito page
2026-04-28 14:58:01,651 - INFO - \U0001f4c4 Scraping page 1
2026-04-28 14:58:02,721 - INFO - \U0001f4dc Scrolled page (1/3)
2026-04-28 14:58:03,737 - INFO - \U0001f4dc Scrolled page (2/3)
2026-04-28 14:58:04,771 - INFO - \U0001f4dc Scrolled page (3/3)
2026-04-28 14:58:04,784 - INFO - \U0001f50e Cards found: 38
2026-04-28 14:58:04,839 - INFO - \U0001f4e6 Parsed card: Appartement à vendre 199 m² à Boulevard Zerktouni
2026-04-28 14:58:04,870 - INFO - \U0001f4e6 Parsed card: Appartement à vendre 124 m² à Casablanca
2026-04-28 14:58:04,911 - INFO - \U0001f4e6 Parsed card: Appartement à vendre 140 m² la marina Casablanca
2026-04-28 14:58:04,942 - INFO - \U0001f4e6 Parsed card: Appartement à vendre 105 m² El Andalous
2026-04-28 14:58:04,970 - INFO - \U0001f4e6 Parsed card: Appartement à vendre à Temara
2026-04-28 14:58:05,003 - INFO - \U0001f4e6 Parsed card: Appartement à vendre 110 m² à Casablanca
2026-04-28 14:58:05,032 - INFO - \U0001f4e6 Parsed card: Superbe Appart à vendre à Ain Diab Extension
2026-04-28 14:58:05,063 - INFO - \U0001f4e6 Parsed card: Appartement à vendre 100 m² à Tétouan
2026-04-28 14:58:05,093 - INFO - \U0001f4e6 Parsed card: Appartement à vendre 130 m² à plage des nations
2026-04-28 14:58:05,165 - INFO - \U0001f4e6 Parsed card: Appartement à vendre pas de semsar
2026-04-28 14:58:05,194 - INFO - \U0001f4e6 Parsed card: Spacieux appartement à vendre meublé
2026-04-28 14:58:05,222 - INFO - \U0001f4e6 Parsed card: Appartement à vendre 147 m² à Bd Fouaratte Casa.
2026-04-28 14:58:05,249 - INFO - \U0001f4e6 Parsed card: Appart 3ch 2sa blc 150m2 à vendre 2Mars
2026-04-28 14:58:05,277 - INFO - \U0001f4e6 Parsed card: Appartement à Atlas golf Resort à Marrakech
2026-04-28 14:58:05,306 - INFO - \U0001f4e6 Parsed card: Appartement à vendre Bourgogne
2026-04-28 14:58:05,334 - INFO - \U0001f4e6 Parsed card: Appartement à vendre 89m² à H M Casablanca
2026-04-28 14:58:05,359 - INFO - \U0001f4e6 Parsed card: Rez de jardin à vendre 107 m² vue sur piscine
2026-04-28 14:58:05,385 - INFO - \U0001f4e6 Parsed card: Appartements à vendre lotissement Al Dha.
2026-04-28 14:58:05,411 - INFO - \U0001f4e6 Parsed card: Saidia AP2 - Appart de 118m² – proche du Golf
2026-04-28 14:58:05,436 - INFO - \U0001f4e6 Parsed card: Appartement à vendre 181 m² avec terrasse, Racine
2026-04-28 14:58:05,465 - INFO - \U0001f4e6 Parsed card: Appartement à vendre 58 m Mdiq 4 min à pied plage
2026-04-28 14:58:05,490 - INFO - \U0001f4e6 Parsed card: Appartement à vendre
2026-04-28 14:58:05,515 - INFO - \U0001f4e6 Parsed card: Appartement à vendre 90 m² à Oujda
2026-04-28 14:58:05,543 - INFO - \U0001f4e6 Parsed card: Appartement à vendre 150 m² à Agadir
2026-04-28 14:58:05,586 - INFO - \U0001f4e6 Parsed card: Appartement à vendre 124m² Roche Noire Casablanca
2026-04-28 14:58:05,612 - INFO - \U0001f4e6 Parsed card: APPART 91m 2FACES vue piscine à MARBELLA BEACH
2026-04-28 14:58:05,639 - INFO - \U0001f4e6 Parsed card: Appartement 98m² chouka à vendre Fouarat Casa
2026-04-28 14:58:05,679 - INFO - \U0001f4e6 Parsed card: Appartement 138m² au 2ème étg au Maârif
2026-04-28 14:58:05,704 - INFO - \U0001f4e6 Parsed card: Appartement 1er chouka à vendre 50m² ERRAHMA Casa
2026-04-28 14:58:05,729 - INFO - \U0001f4e6 Parsed card: Appartement à vendre 71 m² à Bouznika
2026-04-28 14:58:05,784 - INFO - \U0001f4e6 Parsed card: À vendre un joli appartement meublé avec piscine
2026-04-28 14:58:05,809 - INFO - \U0001f4e6 Parsed card: Appartement à vendre 110 m2 à Saïdia
2026-04-28 14:58:05,843 - INFO - \U0001f4e6 Parsed card: Appartement à vendre 134 m² à Tanger
2026-04-28 14:58:05,869 - INFO - \U0001f4e6 Parsed card: Appartement à vendre 80m2 à Saïdia
2026-04-28 14:58:05,895 - INFO - \U0001f4e6 Parsed card: Aptmts neuf à hay riyad
2026-04-28 14:58:05,922 - INFO - \U0001f4e6 Parsed card: Appartement à vendre 95 m² à Marrakech palmeraie
2026-04-28 14:58:05,949 - INFO - \U0001f4e6 Parsed card: A vendre un appartement avec terrasse
2026-04-28 14:58:05,976 - INFO - \U0001f4e6 Parsed card: Appartement 165m² RDC à vendre 2 Mars Casablanca
2026-04-28 14:58:10,117 - INFO - \u27a1\ufe0f Moved to next page
2026-04-28 14:58:10,117 - INFO - \U0001f4c4 Scraping page 2
2026-04-28 14:58:11,137 - INFO - \U0001f4dc Scrolled page (1/3)
2026-04-28 14:58:12,140 - INFO - \U0001f4dc Scrolled page (2/3)
2026-04-28 14:58:13,154 - INFO - \U0001f4dc Scrolled page (3/3)
2026-04-28 14:58:13,162 - INFO - \U0001f50e Cards found: 38
2026-04-28 14:58:13,220 - INFO - \U0001f4e6 Parsed card: Super Appartement Vue sur Mer à Dar Bouazza
2026-04-28 14:58:13,266 - INFO - \U0001f4e6 Parsed card: Appartement à vendre 61 m² à Meknès
2026-04-28 14:58:13,306 - INFO - \U0001f4e6 Parsed card: Appartement 95m2 vendables -Palmier
2026-04-28 14:58:13,341 - INFO - \U0001f4e6 Parsed card: \U0001f33f Appartement d’exception à vendre à Achakar
2026-04-28 14:58:13,371 - INFO - \U0001f4e6 Parsed card: Appartement à vendre à Tétouan Chebar
2026-04-28 14:58:13,402 - INFO - \U0001f4e6 Parsed card: Appartement 165m² RDC à vendre 2 Mars Casablanca
2026-04-28 14:58:13,433 - INFO - \U0001f4e6 Parsed card: À vendre appartement 3 CH avec terrasse de 44m2
2026-04-28 14:58:13,461 - INFO - \U0001f4e6 Parsed card: Appartement à à Plage des Nations
2026-04-28 14:58:13,490 - INFO - \U0001f4e6 Parsed card: Super Appartement neuf à vendre H M Casa
2026-04-28 14:58:13,521 - INFO - \U0001f4e6 Parsed card: Appartement 120m² Chouka à vendre à Casablanca.
2026-04-28 14:58:13,553 - INFO - \U0001f4e6 Parsed card: Joli Appartement 1er Etage Mhamid 7
2026-04-28 14:58:13,586 - INFO - \U0001f4e6 Parsed card: \U0001f30a appartement vue mer en face, sans vis-à-vis
2026-04-28 14:58:13,628 - INFO - \U0001f4e6 Parsed card: Rez-de-jardin à vendre 128 m² 20 m² jardin
2026-04-28 14:58:13,664 - INFO - \U0001f4e6 Parsed card: \U0001f3e0Appartement duplex 174m2 à vendre HM Casa\U0001f3e0
2026-04-28 14:58:13,700 - INFO - \U0001f4e6 Parsed card: Appartement 57 m² – 6e étage – Triple Tower
2026-04-28 14:58:13,729 - INFO - \U0001f4e6 Parsed card: Appartement à vendre 47 m Mdiq 4 min à pied plage
2026-04-28 14:58:13,754 - INFO - \U0001f4e6 Parsed card: Appartement ain mezouar base militaire
2026-04-28 14:58:13,779 - INFO - \U0001f4e6 Parsed card: Appartement à vendre 120 m² à Mosquée houda
2026-04-28 14:58:13,806 - INFO - \U0001f4e6 Parsed card: Appartement 85m² à Sidi Bernoussi Casa.
2026-04-28 14:58:13,832 - INFO - \U0001f4e6 Parsed card: Appartement Tanger Balia
2026-04-28 14:58:13,858 - INFO - \U0001f4e6 Parsed card: CMN-SI-1877 - Appartement à vendre à Bourgogne Est
2026-04-28 14:58:13,884 - INFO - \U0001f4e6 Parsed card: Magnifique Appartement à vendre 77 m² à Marrakech
2026-04-28 14:58:13,909 - INFO - \U0001f4e6 Parsed card: CMN-MA-2470 - Appartement à vendre à Les Hôpitaux
2026-04-28 14:58:13,934 - INFO - \U0001f4e6 Parsed card: Appartement 87 m² en vente à Ayn Amir à Fès
2026-04-28 14:58:13,959 - INFO - \U0001f4e6 Parsed card: \U0001f3e2 À VENDRE – Appartement à Val Fleuri (Casa)
2026-04-28 14:58:13,985 - INFO - \U0001f4e6 Parsed card: Superbe appartement meublé à vendre en centre-ville
2026-04-28 14:58:14,012 - INFO - \U0001f4e6 Parsed card: Appartement de 3 chambres à vendre près de la station El Jadida Hrarryine
2026-04-28 14:58:14,037 - INFO - \U0001f4e6 Parsed card: Joli appartement ensoleillé
2026-04-28 14:58:14,064 - INFO - \U0001f4e6 Parsed card: Appartement à vendre à Résidence tahra
2026-04-28 14:58:14,090 - INFO - \U0001f4e6 Parsed card: Bel appartement de 90 m² lotissement alliance
2026-04-28 14:58:14,117 - INFO - \U0001f4e6 Parsed card: Appartement Duplex à vendre 154 m² à Casablanca
2026-04-28 14:58:14,144 - INFO - \U0001f4e6 Parsed card: Appartement Lux 69m
2026-04-28 14:58:14,174 - INFO - \U0001f4e6 Parsed card: Appartement à vendre 90 m² à lotissement alliance
2026-04-28 14:58:14,199 - INFO - \U0001f4e6 Parsed card: Appartement à vendre 96 m² à Marrakech
2026-04-28 14:58:14,225 - INFO - \U0001f4e6 Parsed card: Appartement à vendre à Mdiq
2026-04-28 14:58:14,252 - INFO - \U0001f4e6 Parsed card: Appartement avec cour à Bouznika
2026-04-28 14:58:14,278 - INFO - \U0001f4e6 Parsed card: Appartement rénové neuf à la Gironde
2026-04-28 14:58:14,305 - INFO - \U0001f4e6 Parsed card: Appartement à vendre 65 m² à Marrakech
2026-04-28 14:58:19,325 - INFO - \u27a1\ufe0f Moved to next page
2026-04-28 14:58:19,325 - INFO - \U0001f4c4 Scraping page 3
2026-04-28 14:58:20,345 - INFO - \U0001f4dc Scrolled page (1/3)
2026-04-28 14:58:21,353 - INFO - \U0001f4dc Scrolled page (2/3)
2026-04-28 14:58:22,363 - INFO - \U0001f4dc Scrolled page (3/3)
2026-04-28 14:58:22,376 - INFO - \U0001f50e Cards found: 38
2026-04-28 14:58:22,408 - INFO - \U0001f4e6 Parsed card: Superbe Appartement à vendre 75 m² à Marrakech
2026-04-28 14:58:22,438 - INFO - \U0001f4e6 Parsed card: Appartement 95m2 vendables -Palmier
2026-04-28 14:58:22,469 - INFO - \U0001f4e6 Parsed card: Appartement à vendre 63 m² à Sidi Rahal
2026-04-28 14:58:22,500 - INFO - \U0001f4e6 Parsed card: Appartement meublé à vendre sur la route Ain Chkef Riyad Yasmin
2026-04-28 14:58:22,530 - INFO - \U0001f4e6 Parsed card: Appartement à vendre 90 m² à Kénitra bir rami
2026-04-28 14:58:22,560 - INFO - \U0001f4e6 Parsed card: Appartement à vendre à Mghogha – Tanger
2026-04-28 14:58:22,588 - INFO - \U0001f4e6 Parsed card: Appartement à vendre 170 m² à Rabat
2026-04-28 14:58:22,616 - INFO - \U0001f4e6 Parsed card: CMN-AN-1884 - Appartement à vendre à Bourgogne
2026-04-28 14:58:22,671 - INFO - \U0001f4e6 Parsed card: CMN-SI-1879 - Appartement à vendre à Ziraoui
2026-04-28 14:58:22,707 - INFO - \U0001f4e6 Parsed card: Appartement à vendre 180 m² à Casablanca
2026-04-28 14:58:22,743 - INFO - \U0001f4e6 Parsed card: Appartement à vendre 120m² H Mohammadi Casablanca
2026-04-28 14:58:22,771 - INFO - \U0001f4e6 Parsed card: Élégant Studio à vendre 63 m² à Marrakech
2026-04-28 14:58:22,800 - INFO - \U0001f4e6 Parsed card: VENTE D’UN BEL APPARTEMENT DE 117M2
2026-04-28 14:58:22,827 - INFO - \U0001f4e6 Parsed card: Appartement 236m² à Gauthier Consulat d'Italie
2026-04-28 14:58:22,855 - INFO - \U0001f4e6 Parsed card: Appartement à vendre 78 m² à Deroua
2026-04-28 14:58:22,882 - INFO - \U0001f4e6 Parsed card: Appartement à vendre 134 m² à Casablanca
2026-04-28 14:58:22,909 - INFO - \U0001f4e6 Parsed card: Bel appartement... orientation sud
2026-04-28 14:58:22,934 - INFO - \U0001f4e6 Parsed card: Appartement en face de la plage 72 m² à Martil.
2026-04-28 14:58:22,959 - INFO - \U0001f4e6 Parsed card: Appartement à vendre 176 m² à Tanger
2026-04-28 14:58:22,984 - INFO - \U0001f4e6 Parsed card: Appartements à vendre
2026-04-28 14:58:23,010 - INFO - \U0001f4e6 Parsed card: Appartement à vendre 78 m² à Marrakech
2026-04-28 14:58:23,036 - INFO - \U0001f4e6 Parsed card: Appartement à vendre 172 m² à Casablanca
2026-04-28 14:58:23,061 - INFO - \U0001f4e6 Parsed card: Deux appartements à vendre derrière le complexe Al Hosni - par cession
2026-04-28 14:58:23,087 - INFO - \U0001f4e6 Parsed card: Charmant appartement à vendre - Résidence OUBAHA
2026-04-28 14:58:23,112 - INFO - \U0001f4e6 Parsed card: Bonne affaire sur la corniche
2026-04-28 14:58:23,140 - INFO - \U0001f4e6 Parsed card: Appartement 76m Neuf A Maarif Ex
2026-04-28 14:58:23,165 - INFO - \U0001f4e6 Parsed card: Bel appartement en rez de jardin sur résidence
2026-04-28 14:58:23,191 - INFO - \U0001f4e6 Parsed card: Appartement à vendre 95 m² à Marrakech
2026-04-28 14:58:23,216 - INFO - \U0001f4e6 Parsed card: Appartement neuf et équipé de haute qualité
2026-04-28 14:58:23,242 - INFO - \U0001f4e6 Parsed card: Superbe appartement familial au cœur Racine
2026-04-28 14:58:23,268 - INFO - \U0001f4e6 Parsed card: Grand Appartement Plein Centre de Kénitra 154 m²
2026-04-28 14:58:23,294 - INFO - \U0001f4e6 Parsed card: CMN-MA-1866 - Appartement à vendre à Les princesses
2026-04-28 14:58:23,319 - INFO - \U0001f4e6 Parsed card: Appartement Haut standing à vendre / piscine
2026-04-28 14:58:23,344 - INFO - \U0001f4e6 Parsed card: Bel appartement
2026-04-28 14:58:23,369 - INFO - \U0001f4e6 Parsed card: Appartement à vendre 186 m² à Tanger
2026-04-28 14:58:23,396 - INFO - \U0001f4e6 Parsed card: Appartement neuf à Sala El Jadida
2026-04-28 14:58:23,421 - INFO - \U0001f4e6 Parsed card: Appartement à vendre 110 m² à Bouznika
2026-04-28 14:58:23,447 - INFO - \U0001f4e6 Parsed card: Appartement 87 m² en vente près clinique kawtar
2026-04-28 14:58:26,834 - INFO - \u27a1\ufe0f Moved to next page
2026-04-28 14:58:26,834 - INFO - \U0001f4c4 Scraping page 4
2026-04-28 14:58:27,855 - INFO - \U0001f4dc Scrolled page (1/3)
2026-04-28 14:58:28,861 - INFO - \U0001f4dc Scrolled page (2/3)
2026-04-28 14:58:29,879 - INFO - \U0001f4dc Scrolled page (3/3)
2026-04-28 14:58:29,891 - INFO - \U0001f50e Cards found: 38
2026-04-28 14:58:29,921 - INFO - \U0001f4e6 Parsed card: Appartement à vendre 128 m² à Bouskoura
2026-04-28 14:58:29,951 - INFO - \U0001f4e6 Parsed card: Appartement à vendre à Had Soualem
2026-04-28 14:58:29,980 - INFO - \U0001f4e6 Parsed card: Superbe Appartement à vendre 75 m² à Marrakech
2026-04-28 14:58:30,008 - INFO - \U0001f4e6 Parsed card: Studio neuf à vendre – Bourgogne, Casablanca
2026-04-28 14:58:30,037 - INFO - \U0001f4e6 Parsed card: Appartements à vendre
2026-04-28 14:58:30,065 - INFO - \U0001f4e6 Parsed card: Appartement à vendre 150 m² à Casablanca
2026-04-28 14:58:30,095 - INFO - \U0001f4e6 Parsed card: CMN-AC-2017 - Appartement à vendre à Californie
2026-04-28 14:58:30,126 - INFO - \U0001f4e6 Parsed card: Studio 42m Neuf Maarif Proche BD Biranzaran
2026-04-28 14:58:30,171 - INFO - \U0001f4e6 Parsed card: Appartement 147 M² à Mohammedia
2026-04-28 14:58:30,225 - INFO - \U0001f4e6 Parsed card: Appartement à vendre à Oulfa
2026-04-28 14:58:30,262 - INFO - \U0001f4e6 Parsed card: Appartements à vendre
2026-04-28 14:58:30,299 - INFO - \U0001f4e6 Parsed card: Appartement à vendre 52 m² à Marrakech
2026-04-28 14:58:30,327 - INFO - \U0001f4e6 Parsed card: Appartement à vendre à Marina Golf Asilah
2026-04-28 14:58:30,355 - INFO - \U0001f4e6 Parsed card: Appartement à vendre 133 m² sur 2 mars
2026-04-28 14:58:30,382 - INFO - \U0001f4e6 Parsed card: Appartement à vendre 72 m² à Rachédia 2 Fes
2026-04-28 14:58:30,407 - INFO - \U0001f4e6 Parsed card: Appartement à vendre à Berrechid El Qabbah
2026-04-28 14:58:30,434 - INFO - \U0001f4e6 Parsed card: Appartement 112 m² près café Mégad’Or à Fès
2026-04-28 14:58:30,463 - INFO - \U0001f4e6 Parsed card: Appartement à vendre à 3 min du stade de Tanger
2026-04-28 14:58:30,491 - INFO - \U0001f4e6 Parsed card: BEN-MA-1118 - Appartement à vendre à Mansouria-B...
2026-04-28 14:58:30,517 - INFO - \U0001f4e6 Parsed card: Appartement à vendre 128 m² à Bouskoura
2026-04-28 14:58:30,543 - INFO - \U0001f4e6 Parsed card: Appartement neuf à vendre Ain Sebaa
2026-04-28 14:58:30,570 - INFO - \U0001f4e6 Parsed card: Appartements à vendre 64 m² à Ben Guerir
2026-04-28 14:58:30,595 - INFO - \U0001f4e6 Parsed card: CMN-SI-1881 - Appartement à vendre à Bourgogne Est
2026-04-28 14:58:30,621 - INFO - \U0001f4e6 Parsed card: Appartement à vendre 170 m² à CFC
2026-04-28 14:58:30,646 - INFO - \U0001f4e6 Parsed card: Appartement à vendre – Marrakech
2026-04-28 14:58:30,671 - INFO - \U0001f4e6 Parsed card: Appartement à vendre 80 m² à Kénitra
2026-04-28 14:58:30,699 - INFO - \U0001f4e6 Parsed card: Des apt neuf a vendre 85 m2 tanger
2026-04-28 14:58:30,725 - INFO - \U0001f4e6 Parsed card: Appartement à vendre 165 m² La perle D'Agadir
2026-04-28 14:58:30,750 - INFO - \U0001f4e6 Parsed card: Appartement à vendre 70 m² à Kénitra
2026-04-28 14:58:30,790 - INFO - \U0001f4e6 Parsed card: Appartement à vendre 120 m² à Tanger
2026-04-28 14:58:30,828 - INFO - \U0001f4e6 Parsed card: Appartement à vendre 89 m² à Tanger malabata
2026-04-28 14:58:30,865 - INFO - \U0001f4e6 Parsed card: Appartement triplex à vendre 128m² à HM Casablanca
2026-04-28 14:58:30,895 - INFO - \U0001f4e6 Parsed card: Appartement 82 m2 résidence Ricoflores piscine
2026-04-28 14:58:30,921 - INFO - \U0001f4e6 Parsed card: Duplex avec garage privé Sidi Maarouf, Essaada
2026-04-28 14:58:30,950 - INFO - \U0001f4e6 Parsed card: Bel appartement à vendre Bourgogne, My Youssef
2026-04-28 14:58:30,980 - INFO - \U0001f4e6 Parsed card: Appartement à El Jadida, quartier El Milha, sur la rue
2026-04-28 14:58:31,007 - INFO - \U0001f4e6 Parsed card: Appartement à vendre 83 m² à guéliz Marrakech
2026-04-28 14:58:31,035 - INFO - \U0001f4e6 Parsed card: À vendre Superbe appartement 3 ch-Jnane Californie
2026-04-28 14:58:34,501 - INFO - \u27a1\ufe0f Moved to next page
2026-04-28 14:58:34,502 - INFO - \U0001f4c4 Scraping page 5
2026-04-28 14:58:35,522 - INFO - \U0001f4dc Scrolled page (1/3)
2026-04-28 14:58:36,535 - INFO - \U0001f4dc Scrolled page (2/3)
2026-04-28 14:58:37,552 - INFO - \U0001f4dc Scrolled page (3/3)
2026-04-28 14:58:37,568 - INFO - \U0001f50e Cards found: 38
2026-04-28 14:58:37,603 - INFO - \U0001f4e6 Parsed card: Appartement à vendre 170 m² à CFC
2026-04-28 14:58:37,633 - INFO - \U0001f4e6 Parsed card: 3 Chambres à vendre 112 m² à Californie
2026-04-28 14:58:37,660 - INFO - \U0001f4e6 Parsed card: Appartement 112 m² – 8e étage – Riad Tétouan
2026-04-28 14:58:37,690 - INFO - \U0001f4e6 Parsed card: appartement a vendre meuble
2026-04-28 14:58:37,717 - INFO - \U0001f4e6 Parsed card: Bel appart RDC SUR centre ville
2026-04-28 14:58:37,745 - INFO - \U0001f4e6 Parsed card: Appartement Valencia Beach Mansouria
2026-04-28 14:58:37,772 - INFO - \U0001f4e6 Parsed card: Appartement 86m² à vendre – Al Azdihar Marrakech
2026-04-28 14:58:37,801 - INFO - \U0001f4e6 Parsed card: Appartement 126m² 4ème étg. terrasse à Maârif
2026-04-28 14:58:37,831 - INFO - \U0001f4e6 Parsed card: Appartement à vendre à Cabo Negro
2026-04-28 14:58:37,857 - INFO - \U0001f4e6 Parsed card: Appartement 2 chambres corniche investisseurs airbnb
2026-04-28 14:58:37,891 - INFO - \U0001f4e6 Parsed card: CMN-HA-1848 - Appartement à vendre à Lissasfa
2026-04-28 14:58:37,919 - INFO - \U0001f4e6 Parsed card: Studio à vendre
2026-04-28 14:58:37,947 - INFO - \U0001f4e6 Parsed card: Appartement d’architecte neuf sans vis-à-vis
2026-04-28 14:58:37,976 - INFO - \U0001f4e6 Parsed card: Appartement Neuf 84 m² à Guéliz Avec Piscine
2026-04-28 14:58:38,003 - INFO - \U0001f4e6 Parsed card: STUDIO MAGNIFIQUE À SAISIR
2026-04-28 14:58:38,029 - INFO - \U0001f4e6 Parsed card: Appartement enregistré à vendre
2026-04-28 14:58:38,057 - INFO - \U0001f4e6 Parsed card: Joli appart 113m2 près de Amoud et McDonald
2026-04-28 14:58:38,085 - INFO - \U0001f4e6 Parsed card: Studio exceptionnel de 60 m² au centre Guéliz
2026-04-28 14:58:38,114 - INFO - \U0001f4e6 Parsed card: Studio vue piscine à vendre 51 m² à Marrakech
2026-04-28 14:58:38,140 - INFO - \U0001f4e6 Parsed card: Appartement meublé à vendre dans un quartier résidentiel à Tamassna
2026-04-28 14:58:38,165 - INFO - \U0001f4e6 Parsed card: À VENDRE Bel appartement moderne 55m² à Belvédère
2026-04-28 14:58:38,192 - INFO - \U0001f4e6 Parsed card: Vente Appartement 5 pièces de 158 m2 à Casablanca
2026-04-28 14:58:38,217 - INFO - \U0001f4e6 Parsed card: Penthouse avec piscine à vendre 320 m² à Tanger
2026-04-28 14:58:38,243 - INFO - \U0001f4e6 Parsed card: Studios Neuf 36m à 38m Quartiers Des Hôpitaux
2026-04-28 14:58:38,269 - INFO - \U0001f4e6 Parsed card: Appartement à vendre titré à Tanger, Al Amel
2026-04-28 14:58:38,297 - INFO - \U0001f4e6 Parsed card: Appartement 195m² à vendre à Californie Bachkou
2026-04-28 14:58:38,323 - INFO - \U0001f4e6 Parsed card: Appartement à vendre 94 m² à Temara Wifak
2026-04-28 14:58:38,349 - INFO - \U0001f4e6 Parsed card: Appartement à vendre 43 m² à bourgogne
2026-04-28 14:58:38,374 - INFO - \U0001f4e6 Parsed card: Appartement chouka à Kénitra
2026-04-28 14:58:38,399 - INFO - \U0001f4e6 Parsed card: Appartement à vendre 97 m² à Marrakech
2026-04-28 14:58:38,424 - INFO - \U0001f4e6 Parsed card: Appartement à vendre 82 m² à Kénitra
2026-04-28 14:58:38,450 - INFO - \U0001f4e6 Parsed card: Appartement à vendre Saada, près de Marjane, route de Casa, en sous-sol
2026-04-28 14:58:38,475 - INFO - \U0001f4e6 Parsed card: Studio 43m Haut de Gamme Proche Tram
2026-04-28 14:58:38,501 - INFO - \U0001f4e6 Parsed card: Appartement neuf et moderne sur la corniche
2026-04-28 14:58:38,527 - INFO - \U0001f4e6 Parsed card: appartement quartier oulfa
2026-04-28 14:58:38,552 - INFO - \U0001f4e6 Parsed card: Appartement à vendre à Oued Laou Mekkad
2026-04-28 14:58:38,578 - INFO - \U0001f4e6 Parsed card: Appartement 2 façades, 3ème étage, Iris
2026-04-28 14:58:38,604 - INFO - \U0001f4e6 Parsed card: Appartement à vendre 92 m² Espace dubai à Inzegan
2026-04-28 14:58:41,818 - INFO - \u27a1\ufe0f Moved to next page
2026-04-28 14:58:41,819 - INFO - \U0001f4c4 Scraping page 6
2026-04-28 14:58:42,841 - INFO - \U0001f4dc Scrolled page (1/3)
2026-04-28 14:58:43,850 - INFO - \U0001f4dc Scrolled page (2/3)
2026-04-28 14:58:44,866 - INFO - \U0001f4dc Scrolled page (3/3)
2026-04-28 14:58:44,880 - INFO - \U0001f50e Cards found: 38
2026-04-28 14:58:44,911 - INFO - \U0001f4e6 Parsed card: Appartement 100 m² Les Collines Sidi Maarouf
2026-04-28 14:58:44,969 - INFO - \U0001f4e6 Parsed card: Appartement à vendre 52 m² à Marrakech
2026-04-28 14:58:45,008 - INFO - \U0001f4e6 Parsed card: Appartement à vendre à Harhoura
2026-04-28 14:58:45,039 - INFO - \U0001f4e6 Parsed card: Appartement meublé à vendre Hay Azdihar
2026-04-28 14:58:45,070 - INFO - \U0001f4e6 Parsed card: Appartement à vendre 75 m² à Kénitra
2026-04-28 14:58:45,098 - INFO - \U0001f4e6 Parsed card: Appartement à vendre 145 m² à la marina casablanca
2026-04-28 14:58:45,127 - INFO - \U0001f4e6 Parsed card: Appartement à vendre 115 m² à Temara
2026-04-28 14:58:45,154 - INFO - \U0001f4e6 Parsed card: Appartement à vendre 80 m² à Kénitra
2026-04-28 14:58:45,185 - INFO - \U0001f4e6 Parsed card: Appartement à vendre 70 m² - Hay Chrifa
2026-04-28 14:58:45,215 - INFO - \U0001f4e6 Parsed card: Appartement à vendre 119 m² sur 2mars
2026-04-28 14:58:45,242 - INFO - \U0001f4e6 Parsed card: Duplex familial - 269 m² - Ville verte
2026-04-28 14:58:45,269 - INFO - \U0001f4e6 Parsed card: Appartement d’Exception au Dernier Étage
2026-04-28 14:58:45,297 - INFO - \U0001f4e6 Parsed card: \U0001f449 Appartement 64m² à vendre à Azouzia 2 chambres et salon
2026-04-28 14:58:45,326 - INFO - \U0001f4e6 Parsed card: 2 Appartements moyen standing à vendre – Benguerir
2026-04-28 14:58:45,353 - INFO - \U0001f4e6 Parsed card: Appartement de 50m² à Vendre à Tanger
2026-04-28 14:58:45,380 - INFO - \U0001f4e6 Parsed card: Studio haut standing meublé à vendre – Mehdia
2026-04-28 14:58:45,408 - INFO - \U0001f4e6 Parsed card: Appartement à vendre à Berrechid
2026-04-28 14:58:45,433 - INFO - \U0001f4e6 Parsed card: Appartement moderne à vendre
2026-04-28 14:58:45,459 - INFO - \U0001f4e6 Parsed card: appartement a vendre
2026-04-28 14:58:45,484 - INFO - \U0001f4e6 Parsed card: A vendre un appart Duplex meublé avec terrasses
2026-04-28 14:58:45,509 - INFO - \U0001f4e6 Parsed card: Appartement Titré à vendre à Tanger Aouma
2026-04-28 14:58:45,533 - INFO - \U0001f4e6 Parsed card: Appartement à vendre 84 m² au centre de Tétouan
2026-04-28 14:58:45,558 - INFO - \U0001f4e6 Parsed card: CMN-AC-1971 - Appartement à vendre à Sidi Maarouf
2026-04-28 14:58:45,583 - INFO - \U0001f4e6 Parsed card: Appartement à vendre 116 m² à Martil
2026-04-28 14:58:45,608 - INFO - \U0001f4e6 Parsed card: Appartement de luxe avec deux façades à vendre
2026-04-28 14:58:45,635 - INFO - \U0001f4e6 Parsed card: Appartement à vendre 144 m² à 2 Mars Casablanca
2026-04-28 14:58:45,660 - INFO - \U0001f4e6 Parsed card: Appartement à vendre, superficie 80 m², 12 m² de garage, Wafaq Tamaris
2026-04-28 14:58:45,685 - INFO - \U0001f4e6 Parsed card: CMN-MA-2404 - Appartement à vendre à Les princesses
2026-04-28 14:58:45,710 - INFO - \U0001f4e6 Parsed card: Appartement à vendre devant la nouvelle gare routière, sans intermédiaire
2026-04-28 14:58:45,736 - INFO - \U0001f4e6 Parsed card: Appartement à vendre 84/92/94m² à Salé Al Jadida
2026-04-28 14:58:45,762 - INFO - \U0001f4e6 Parsed card: Appartement titré à vendre à Martil
2026-04-28 14:58:45,787 - INFO - \U0001f4e6 Parsed card: Appartement à vendre 80 m² à Ksar el-Kebir
2026-04-28 14:58:45,813 - INFO - \U0001f4e6 Parsed card: Appartement 60m avec balcon, 2ème étage
2026-04-28 14:58:45,838 - INFO - \U0001f4e6 Parsed card: Appartement à vendre 114 m² à Casablanca
2026-04-28 14:58:45,869 - INFO - \U0001f4e6 Parsed card: CMN-HA-1920 - Appartement à vendre à Oulfa
2026-04-28 14:58:45,895 - INFO - \U0001f4e6 Parsed card: Superbe appartement de 90 m² entièrement rénové
2026-04-28 14:58:45,921 - INFO - \U0001f4e6 Parsed card: appartement vue piscine 2 chambres à CASABAY
2026-04-28 14:58:45,946 - INFO - \U0001f4e6 Parsed card: Magnifique Studio de 50 m² au cœur de Guéliz
2026-04-28 14:58:49,664 - INFO - \u27a1\ufe0f Moved to next page
2026-04-28 14:58:49,665 - INFO - \U0001f4c4 Scraping page 7
2026-04-28 14:58:50,684 - INFO - \U0001f4dc Scrolled page (1/3)
2026-04-28 14:58:51,693 - INFO - \U0001f4dc Scrolled page (2/3)
2026-04-28 14:58:52,705 - INFO - \U0001f4dc Scrolled page (3/3)
2026-04-28 14:58:52,717 - INFO - \U0001f50e Cards found: 38
2026-04-28 14:58:52,749 - INFO - \U0001f4e6 Parsed card: Appartement à Atlas golf Resort à Marrakech
2026-04-28 14:58:52,780 - INFO - \U0001f4e6 Parsed card: Appartement 3 chambres à 2min de Casanearshore
2026-04-28 14:58:52,809 - INFO - \U0001f4e6 Parsed card: Appartement ensoleillé dans un endroit magnifique près du golf
2026-04-28 14:58:52,839 - INFO - \U0001f4e6 Parsed card: Appartement 140 m² à Sidi Bouzid, bien rénové
2026-04-28 14:58:52,868 - INFO - \U0001f4e6 Parsed card: Appartement à vendre 117 m² à Rabat
2026-04-28 14:58:52,896 - INFO - \U0001f4e6 Parsed card: 175015-Vente Appt à Bouskoura Bouskoura de 80 m²
2026-04-28 14:58:52,924 - INFO - \U0001f4e6 Parsed card: Appartement à vendre 62 m² à Ksar el-Kebir
2026-04-28 14:58:52,952 - INFO - \U0001f4e6 Parsed card: Appartement à vendre 50 m² à Tanger
2026-04-28 14:58:52,983 - INFO - \U0001f4e6 Parsed card: Vente Appartement à proximité de la gare routière
2026-04-28 14:58:53,022 - INFO - \U0001f4e6 Parsed card: Appart 78m A Mazola Proche CFC
2026-04-28 14:58:53,065 - INFO - \U0001f4e6 Parsed card: Appartement de standing à vendre à Marrakech
2026-04-28 14:58:53,096 - INFO - \U0001f4e6 Parsed card: Appartement 3 chambres ascenseur syndic sur le boulevard
2026-04-28 14:58:53,128 - INFO - \U0001f4e6 Parsed card: À vendre un bel appartement
2026-04-28 14:58:53,157 - INFO - \U0001f4e6 Parsed card: CMN-MA-1139 - Appartement à vendre à Val Fleurie
2026-04-28 14:58:53,184 - INFO - \U0001f4e6 Parsed card: PROJET NEUF DE HAUT STANDING PRÈS DE LA PALMERAIE
2026-04-28 14:58:53,210 - INFO - \U0001f4e6 Parsed card: 28. Confort et Qualité Ain Sebaa
2026-04-28 14:58:53,235 - INFO - \U0001f4e6 Parsed card: Nouveaux appartement à vendre de 50 m² à Tanger
2026-04-28 14:58:53,260 - INFO - \U0001f4e6 Parsed card: Appartement socoma 85 m² quartier pièces
2026-04-28 14:58:53,286 - INFO - \U0001f4e6 Parsed card: Appartement à vendre 75 m² à Marrakech
2026-04-28 14:58:53,312 - INFO - \U0001f4e6 Parsed card: Appartement à vendre à hay Salam Agadir
2026-04-28 14:58:53,338 - INFO - \U0001f4e6 Parsed card: Appartement neuf 70m
2026-04-28 14:58:53,363 - INFO - \U0001f4e6 Parsed card: 43. Opportunité Logement Ain Sebaa
2026-04-28 14:58:53,388 - INFO - \U0001f4e6 Parsed card: Très jolie appartement 88 mètres à Sala al Jadida
2026-04-28 14:58:53,413 - INFO - \U0001f4e6 Parsed card: Appartement à vendre 60 m² 1balcon
2026-04-28 14:58:53,437 - INFO - \U0001f4e6 Parsed card: Appartement 56 m², ascenseur, syndic, 5 minutes de Malabata
2026-04-28 14:58:53,462 - INFO - \U0001f4e6 Parsed card: Joli appartement à vendre Abwab Marrakech
2026-04-28 14:58:53,487 - INFO - \U0001f4e6 Parsed card: Appartement 2ème étage Mhamid 9
2026-04-28 14:58:53,514 - INFO - \U0001f4e6 Parsed card: Bel Appartement à vendre 80 m² à Oujda 700000
2026-04-28 14:58:53,539 - INFO - \U0001f4e6 Parsed card: Appartement 3 chambres à vendre
2026-04-28 14:58:53,563 - INFO - \U0001f4e6 Parsed card: Appartement neuf haut standing
2026-04-28 14:58:53,589 - INFO - \U0001f4e6 Parsed card: Appartement à vendre 56 m² à Casablanca
2026-04-28 14:58:53,613 - INFO - \U0001f4e6 Parsed card: Appartement 3 chambres 80 mètres ascenseur syndic 5 minutes Malabata
2026-04-28 14:58:53,638 - INFO - \U0001f4e6 Parsed card: Appartement à vendre 126 m² Tafraoute à Marrakech
2026-04-28 14:58:53,663 - INFO - \U0001f4e6 Parsed card: Studio 47m Maarif Proche Twin Center
2026-04-28 14:58:53,689 - INFO - \U0001f4e6 Parsed card: Superbe studio au Quartier du Parc
2026-04-28 14:58:53,720 - INFO - \U0001f4e6 Parsed card: Appartement à vendre sur Hay Riad
2026-04-28 14:58:53,749 - INFO - \U0001f4e6 Parsed card: Studio à vendre 52 m² à Californie
2026-04-28 14:58:53,776 - INFO - \U0001f4e6 Parsed card: Appartement 117m² à Les Princesses
2026-04-28 14:58:57,101 - INFO - \u27a1\ufe0f Moved to next page
2026-04-28 14:58:57,102 - INFO - \U0001f4c4 Scraping page 8
2026-04-28 14:58:58,125 - INFO - \U0001f4dc Scrolled page (1/3)
2026-04-28 14:58:59,133 - INFO - \U0001f4dc Scrolled page (2/3)
2026-04-28 14:59:00,143 - INFO - \U0001f4dc Scrolled page (3/3)
2026-04-28 14:59:00,157 - INFO - \U0001f50e Cards found: 38
2026-04-28 14:59:00,193 - INFO - \U0001f4e6 Parsed card: Appartement à vendre 110 m² à Casablanca
2026-04-28 14:59:00,221 - INFO - \U0001f4e6 Parsed card: Appartement 112 m² – 8e étage – Riad Tétouan
2026-04-28 14:59:00,253 - INFO - \U0001f4e6 Parsed card: Super Appartement Vue sur Mer à Dar Bouazza
2026-04-28 14:59:00,282 - INFO - \U0001f4e6 Parsed card: Rare Opportunité 478 m² en Vente au Cœur de Tanger
2026-04-28 14:59:00,312 - INFO - \U0001f4e6 Parsed card: Appartement À Vendre Aux derniers etages Vue Mer
2026-04-28 14:59:00,342 - INFO - \U0001f4e6 Parsed card: Appartement meublé piscine Haut standing
2026-04-28 14:59:00,371 - INFO - \U0001f4e6 Parsed card: Appartement à rénover avec fort potentiel - Maarif
2026-04-28 14:59:00,400 - INFO - \U0001f4e6 Parsed card: Appartement à vendre 172 m² à Hay Riad
2026-04-28 14:59:00,428 - INFO - \U0001f4e6 Parsed card: Appartement R+2 Cipari // Hay Mstar
2026-04-28 14:59:00,457 - INFO - \U0001f4e6 Parsed card: Appart 96 m2 Mandarona à côté Bd Al qods
2026-04-28 14:59:00,507 - INFO - \U0001f4e6 Parsed card: Appartement à vendre 131 m² à Marrakech
2026-04-28 14:59:00,536 - INFO - \U0001f4e6 Parsed card: Appartement 3 chambres à 2min de Casanearshore
2026-04-28 14:59:00,568 - INFO - \U0001f4e6 Parsed card: Appartement à vendre
2026-04-28 14:59:00,595 - INFO - \U0001f4e6 Parsed card: Appartements à vendre Al Firdaws
2026-04-28 14:59:00,624 - INFO - \U0001f4e6 Parsed card: Appart Duplex 250m A Résidence Andalousia
2026-04-28 14:59:00,653 - INFO - \U0001f4e6 Parsed card: RBA-YA-1053 - Appartement à vendre à Hay El Menzah
2026-04-28 14:59:00,678 - INFO - \U0001f4e6 Parsed card: Appartement à vendre 150 m² à Rabat
2026-04-28 14:59:00,704 - INFO - \U0001f4e6 Parsed card: Appartement neuf Daam Sakane // Hay Salam
2026-04-28 14:59:00,729 - INFO - \U0001f4e6 Parsed card: Appartement à vendre 253 m² à Casablanca
2026-04-28 14:59:00,755 - INFO - \U0001f4e6 Parsed card: À vendre – Appartement haut standing à Bir Rami
2026-04-28 14:59:00,780 - INFO - \U0001f4e6 Parsed card: APPARTEMENT À VENDRE AU CŒUR DE GUELIZ
2026-04-28 14:59:00,821 - INFO - \U0001f4e6 Parsed card: Appartement à vendre 118 m² à Casablanca
2026-04-28 14:59:00,858 - INFO - \U0001f4e6 Parsed card: Appartement à vendre 97 m² à Casablanca
2026-04-28 14:59:00,895 - INFO - \U0001f4e6 Parsed card: Appart 131m2 a vendre
2026-04-28 14:59:00,924 - INFO - \U0001f4e6 Parsed card: Appartement à vendre 100 m² à Fès
2026-04-28 14:59:00,953 - INFO - \U0001f4e6 Parsed card: Studios & Appartements à partir de 65 Millions
2026-04-28 14:59:00,980 - INFO - \U0001f4e6 Parsed card: Appartement 170m A Ville Vert Bouskoura
2026-04-28 14:59:01,011 - INFO - \U0001f4e6 Parsed card: Appartement Haut Standing Wifak
2026-04-28 14:59:01,038 - INFO - \U0001f4e6 Parsed card: Superbe Appartement de 90m² - 880000dhs
2026-04-28 14:59:01,063 - INFO - \U0001f4e6 Parsed card: Appartements 118m Haut Standing Maarif Ex
2026-04-28 14:59:01,088 - INFO - \U0001f4e6 Parsed card: Projet neuf – Studios Haut Standing à 5 min de CFC
2026-04-28 14:59:01,113 - INFO - \U0001f4e6 Parsed card: CMN-ME-1691 - Appartement à vendre à 2 Mars
2026-04-28 14:59:01,140 - INFO - \U0001f4e6 Parsed card: BEN-MA-1119 - Appartement à vendre à Mansouria-B...
2026-04-28 14:59:01,170 - INFO - \U0001f4e6 Parsed card: CMN-MA-2450 - Appartement à vendre à Bd Anoual
2026-04-28 14:59:01,198 - INFO - \U0001f4e6 Parsed card: À VENDRE 162M² BD ROUDANI – MAÂRIF
2026-04-28 14:59:01,223 - INFO - \U0001f4e6 Parsed card: Studio 49m Neuf Proche Tram Anoual
2026-04-28 14:59:01,265 - INFO - \U0001f4e6 Parsed card: Appart 105m A Résidence Casa Park Sidi Maarouf
2026-04-28 14:59:01,290 - INFO - \U0001f4e6 Parsed card: Appartement vue sur mer à vendre à Asilah
2026-04-28 14:59:04,578 - INFO - \u27a1\ufe0f Moved to next page
2026-04-28 14:59:04,579 - INFO - \U0001f4c4 Scraping page 9
2026-04-28 14:59:05,600 - INFO - \U0001f4dc Scrolled page (1/3)
2026-04-28 14:59:06,612 - INFO - \U0001f4dc Scrolled page (2/3)
2026-04-28 14:59:07,630 - INFO - \U0001f4dc Scrolled page (3/3)
2026-04-28 14:59:07,646 - INFO - \U0001f50e Cards found: 38
2026-04-28 14:59:07,677 - INFO - \U0001f4e6 Parsed card: Appartement à vendre 83 m² à semlalia, guéliz
2026-04-28 14:59:07,707 - INFO - \U0001f4e6 Parsed card: Appartement à vendre 76 m² à Marrakech
2026-04-28 14:59:07,736 - INFO - \U0001f4e6 Parsed card: Appartement économique à vendre
2026-04-28 14:59:07,764 - INFO - \U0001f4e6 Parsed card: Bel Appartement Moderne Aux Palmeraies À Vendre
2026-04-28 14:59:07,795 - INFO - \U0001f4e6 Parsed card: Appartement 74 m² à ALMAZ
2026-04-28 14:59:07,822 - INFO - \U0001f4e6 Parsed card: Appartement R plus deux // près de la faculté
2026-04-28 14:59:07,849 - INFO - \U0001f4e6 Parsed card: Appartement 3 ch bien situé
2026-04-28 14:59:07,877 - INFO - \U0001f4e6 Parsed card: CMN-MA-2188 - Appartement à vendre à Racine
2026-04-28 14:59:07,908 - INFO - \U0001f4e6 Parsed card: Appartement 112 mètres, 3 façades avec soutien
2026-04-28 14:59:07,937 - INFO - \U0001f4e6 Parsed card: Appart 68m Maarif Ex Près Carrefour Yacoub
2026-04-28 14:59:07,966 - INFO - \U0001f4e6 Parsed card: CMN-ME-1690 - Appartement à vendre à 2 Mars
2026-04-28 14:59:07,994 - INFO - \U0001f4e6 Parsed card: DES Appartements de 109 m² à Victoria - BOUSKOURA
2026-04-28 14:59:08,020 - INFO - \U0001f4e6 Parsed card: Excellent appartement à vendre de 100m² dans le quartier Moulay Abdellah
2026-04-28 14:59:08,047 - INFO - \U0001f4e6 Parsed card: Vente Urgente Appartement Économique AinChock Lamkansa4
2026-04-28 14:59:08,076 - INFO - \U0001f4e6 Parsed card: Appartement à Mohammedia au quartier du Parc
2026-04-28 14:59:08,104 - INFO - \U0001f4e6 Parsed card: \U0001f48e L'OPPORTUNITÉ GUÉLIZ-SEMLALIA 57 m²
2026-04-28 14:59:08,129 - INFO - \U0001f4e6 Parsed card: 3 Chambres à vendre 112 m² à Californie
2026-04-28 14:59:08,156 - INFO - \U0001f4e6 Parsed card: CMN-AC-2063 - Appartement à vendre à Sidi Maarouf
2026-04-28 14:59:08,182 - INFO - \U0001f4e6 Parsed card: Appartement à vendre 90 m² Limoune à Ouled Teïma
2026-04-28 14:59:08,207 - INFO - \U0001f4e6 Parsed card: CMN-HA-1859 - Appartement à vendre à Beauséjour
2026-04-28 14:59:08,233 - INFO - \U0001f4e6 Parsed card: Appt 3 ch salon à vendre à Val Fleuri
2026-04-28 14:59:08,258 - INFO - \U0001f4e6 Parsed card: Appartement meublé 3 chambres à vendre Tanger
2026-04-28 14:59:08,283 - INFO - \U0001f4e6 Parsed card: 3 Chambres à vendre 143 m² à Californie
2026-04-28 14:59:08,309 - INFO - \U0001f4e6 Parsed card: CMN-AN-1875 - Appartement à vendre à Bourgogne
2026-04-28 14:59:08,337 - INFO - \U0001f4e6 Parsed card: Appartement en vente 61m² à Gueliz Piscine Rooftop
2026-04-28 14:59:08,363 - INFO - \U0001f4e6 Parsed card: CMN-MA-2478 - Appartement à vendre à Burger
2026-04-28 14:59:08,388 - INFO - \U0001f4e6 Parsed card: Studio-Neuf/JamaisHabité/ 62M²/Tram Busway Ghandi
2026-04-28 14:59:08,414 - INFO - \U0001f4e6 Parsed card: A vendre un appart de 4 chambres sans voisins
2026-04-28 14:59:08,438 - INFO - \U0001f4e6 Parsed card: Appartement à vendre 51 m² à Casablanca
2026-04-28 14:59:08,464 - INFO - \U0001f4e6 Parsed card: Superbe appartement à vendre dans le quartier Golf, route des Rmilat
2026-04-28 14:59:08,489 - INFO - \U0001f4e6 Parsed card: Superbe appartement à Dar Bouazza
2026-04-28 14:59:08,513 - INFO - \U0001f4e6 Parsed card: Appartements à vendre 56 m² à Marrakech
2026-04-28 14:59:08,538 - INFO - \U0001f4e6 Parsed card: Appartement neuf à vendre 71 m² à Marrakech
2026-04-28 14:59:08,562 - INFO - \U0001f4e6 Parsed card: Appartement à vendre 87 m² à Casablanca
2026-04-28 14:59:08,587 - INFO - \U0001f4e6 Parsed card: Appartement à vendre 74 m² à Casablanca
2026-04-28 14:59:08,613 - INFO - \U0001f4e6 Parsed card: Appartement à vendre opportunité unique à Saïd Hajji – Salé
2026-04-28 14:59:08,638 - INFO - \U0001f4e6 Parsed card: Duplex meublé à vendre près du stade Ibn Batouta
2026-04-28 14:59:08,663 - INFO - \U0001f4e6 Parsed card: Appartement traversant avec vue mer–Dernier étage
2026-04-28 14:59:12,064 - INFO - \u27a1\ufe0f Moved to next page
2026-04-28 14:59:12,065 - INFO - \U0001f4c4 Scraping page 10
2026-04-28 14:59:13,087 - INFO - \U0001f4dc Scrolled page (1/3)
2026-04-28 14:59:14,096 - INFO - \U0001f4dc Scrolled page (2/3)
2026-04-28 14:59:15,110 - INFO - \U0001f4dc Scrolled page (3/3)
2026-04-28 14:59:15,126 - INFO - \U0001f50e Cards found: 38
2026-04-28 14:59:15,158 - INFO - \U0001f4e6 Parsed card: Appartement à vendre 51 m² à Casablanca
2026-04-28 14:59:15,189 - INFO - \U0001f4e6 Parsed card: Appartement à vendre 115 m² à Temara
2026-04-28 14:59:15,222 - INFO - \U0001f4e6 Parsed card: Appartement Neuf 84 m² à Guéliz Avec Piscine
2026-04-28 14:59:15,252 - INFO - \U0001f4e6 Parsed card: Excellents appartements à vendre
2026-04-28 14:59:15,282 - INFO - \U0001f4e6 Parsed card: Appartement traversant avec vue mer–Dernier étage
2026-04-28 14:59:15,310 - INFO - \U0001f4e6 Parsed card: À VENDRE APPARTEMENT SALON 3 CHAMBRES 70m2
2026-04-28 14:59:15,339 - INFO - \U0001f4e6 Parsed card: Spacieux appartement deux façades Belvédère
2026-04-28 14:59:15,369 - INFO - \U0001f4e6 Parsed card: Appartement Excellente finition Très ensoleillé
2026-04-28 14:59:15,405 - INFO - \U0001f4e6 Parsed card: Appartement 2 ch à vendre vue sur mer
2026-04-28 14:59:15,434 - INFO - \U0001f4e6 Parsed card: RACINE Superbe Appartement Rénové à Vendre 265m²
2026-04-28 14:59:15,463 - INFO - \U0001f4e6 Parsed card: Appartement à vendre 118m² La Perle du Sahara Dakhla
2026-04-28 14:59:15,490 - INFO - \U0001f4e6 Parsed card: Appartement Meublé à vendre à l'Houda
2026-04-28 14:59:15,518 - INFO - \U0001f4e6 Parsed card: Appartement avec terrasse\U0001f60d à vendre à Hay Azdehar
2026-04-28 14:59:15,547 - INFO - \U0001f4e6 Parsed card: A vendre un bel appartement avec terrasse
2026-04-28 14:59:15,576 - INFO - \U0001f4e6 Parsed card: A vendre un joli appartement de 3 chambres
2026-04-28 14:59:15,605 - INFO - \U0001f4e6 Parsed card: Apt Neuf 3 Chambres 1Salon roudani Maarif
2026-04-28 14:59:15,630 - INFO - \U0001f4e6 Parsed card: \U0001f60d Appartement rénové avec belle vue
2026-04-28 14:59:15,657 - INFO - \U0001f4e6 Parsed card: Appartement à vendre à Hay Salam Oujda
2026-04-28 14:59:15,682 - INFO - \U0001f4e6 Parsed card: Duplex RDC 47 m² en vente - piscine Rooftop
2026-04-28 14:59:15,707 - INFO - \U0001f4e6 Parsed card: TRIANGLE D’OR BEL APPT A VENDRE AVEC TERRASSE
2026-04-28 14:59:15,733 - INFO - \U0001f4e6 Parsed card: Appartement à vendre 149 m² à Casablanca
2026-04-28 14:59:15,758 - INFO - \U0001f4e6 Parsed card: A VENDRE APPARTEMENTS NEUFS AVEC TITRES FONCIERS
2026-04-28 14:59:15,783 - INFO - \U0001f4e6 Parsed card: Appartement en vente 65m² à Gueliz-Piscine Rooftop
2026-04-28 14:59:15,812 - INFO - \U0001f4e6 Parsed card: Studio neuf 41 m2 à vendre Roche Noires
2026-04-28 14:59:15,838 - INFO - \U0001f4e6 Parsed card: Duplex à vendre avec piscine proche Guéliz
2026-04-28 14:59:15,863 - INFO - \U0001f4e6 Parsed card: Habit immobilier met en vente un joli studio
2026-04-28 14:59:15,888 - INFO - \U0001f4e6 Parsed card: MAÂRIF JOLI APPARTEMENT 109 m² À VENDRE
2026-04-28 14:59:15,915 - INFO - \U0001f4e6 Parsed card: Appartement à vendre 75 m² à Casablanca
2026-04-28 14:59:15,941 - INFO - \U0001f4e6 Parsed card: Appart 118 m² Étage 3 Sidi Maarouf
2026-04-28 14:59:15,966 - INFO - \U0001f4e6 Parsed card: Bel appartement neuf à vendre à Oasis
2026-04-28 14:59:15,991 - INFO - \U0001f4e6 Parsed card: Appartement vue sur la gare routière sans intermédiaire
2026-04-28 14:59:16,017 - INFO - \U0001f4e6 Parsed card: Magnifique penthouse à vendre ou à louer à Wifac
2026-04-28 14:59:16,042 - INFO - \U0001f4e6 Parsed card: DUPLEX D'EXCEPTION Vue MER à vendre MARINA Casa
2026-04-28 14:59:16,067 - INFO - \U0001f4e6 Parsed card: Appartement à vendre 48m² à Gueliz - Piscine Rooftop
2026-04-28 14:59:16,099 - INFO - \U0001f4e6 Parsed card: Meilleur invest Studio Neuf 62M Tram Busway Ghandi
2026-04-28 14:59:16,135 - INFO - \U0001f4e6 Parsed card: Bel appartement à vendre
2026-04-28 14:59:16,166 - INFO - \U0001f4e6 Parsed card: Appartement à vendre 70 m² à Had Soualem
2026-04-28 14:59:16,196 - INFO - \U0001f4e6 Parsed card: Appartement neuf avec ascenseur et parking
2026-04-28 14:59:19,299 - INFO - \u27a1\ufe0f Moved to next page
2026-04-28 14:59:21,508 - INFO - \U0001f4be Data saved to C:\Users\user\Desktop\scrap\staging\row_data.csv
2026-04-28 14:59:21,509 - INFO - \U0001f3c1 Scraping finished successfully
